edge_id,roi_i_107space,roi_j_107space,n_subjects,mean_delta_str,median_delta_str,sd_delta_str,t_obs,parametric_t_p_two_sided_reference,n_positive_subjects,n_negative_subjects,n_zero_subjects,cohen_dz,p_perm_t_two_sided,p_perm_t_greater_reference,p_perm_t_FWER_maxT_reference,p_perm_mean_two_sided_reference,q_BH_FDR_t_two_sided,q_BH_FDR_mean_two_sided_reference,FDR05_significant_t,FDR10_significant_t,positive_mean_delta,negative_mean_delta,FDR05_significant_positive_t,FDR05_significant_negative_t,roi_i_roi_label,roi_i_region_label,roi_j_roi_label,roi_j_region_label,bootstrap_CI_low_top_edges_only,bootstrap_CI_high_top_edges_only
014__064,14,64,13,0.096043024,0.074223901,0.089524501,3.868081308,0.002235643,13,0,0,1.07281273,0.000244141,0.00012207,0.916503906,0.000244141,0.149465388,0.149465388,FALSE,FALSE,TRUE,FALSE,FALSE,FALSE,ROI_014,ROI_014,ROI_064,ROI_064,0.053310406,0.145861885
039__080,39,80,13,0.090208306,0.080797016,0.072243511,4.502143761,0.000723946,13,0,0,1.248670014,0.000244141,0.00012207,0.642822266,0.000244141,0.149465388,0.149465388,FALSE,FALSE,TRUE,FALSE,FALSE,FALSE,ROI_039,ROI_039,ROI_080,ROI_080,0.056174423,0.130761776
007__014,7,14,13,0.089500541,0.086318103,0.067070369,4.811346574,0.00042525,13,0,0,1.334427444,0.000244141,0.00012207,0.508789063,0.000244141,0.149465388,0.149465388,FALSE,FALSE,TRUE,FALSE,FALSE,FALSE,ROI_007,ROI_007,ROI_014,ROI_014,0.055791697,0.125116788
042__095,42,95,13,0.074314668,0.066345183,0.061518732,4.355508241,0.000935727,13,0,0,1.208000638,0.000244141,0.00012207,0.714599609,0.000244141,0.149465388,0.149465388,FALSE,FALSE,TRUE,FALSE,FALSE,FALSE,ROI_042,ROI_042,ROI_095,ROI_095,0.043027054,0.107261377
013__042,13,42,13,0.101148858,0.085293597,0.071333865,5.112542191,0.00025641,12,1,0,1.417964078,0.000488281,0.000244141,0.38671875,0.000488281,0.149465388,0.149465388,FALSE,FALSE,TRUE,FALSE,FALSE,FALSE,ROI_013,ROI_013,ROI_042,ROI_042,0.064314165,0.138369583
075__081,75,81,13,0.098250083,0.098491642,0.06499679,5.450203194,0.000147616,12,1,0,1.511614391,0.000488281,0.000244141,0.278564453,0.000488281,0.149465388,0.149465388,FALSE,FALSE,TRUE,FALSE,FALSE,FALSE,ROI_075,ROI_075,ROI_081,ROI_081,0.064950579,0.133387647
007__095,7,95,13,0.086924885,0.093063261,0.059583224,5.26007335,0.000201051,12,1,0,1.45888186,0.000488281,0.000244141,0.337158203,0.000488281,0.149465388,0.149465388,FALSE,FALSE,TRUE,FALSE,FALSE,FALSE,ROI_007,ROI_007,ROI_095,ROI_095,0.056292263,0.117522194
007__071,7,71,13,0.074579954,0.047836552,0.079233544,3.393788008,0.005330554,12,1,0,0.941267437,0.000488281,0.000244141,0.990966797,0.000488281,0.149465388,0.149465388,FALSE,FALSE,TRUE,FALSE,FALSE,FALSE,ROI_007,ROI_007,ROI_071,ROI_071,0.03641703,0.118178831
006__038,6,38,13,0.064684526,0.058123328,0.046604243,5.004337857,0.000307073,12,1,0,1.387953596,0.000488281,0.000244141,0.4296875,0.000488281,0.149465388,0.149465388,FALSE,FALSE,TRUE,FALSE,FALSE,FALSE,ROI_006,ROI_006,ROI_038,ROI_038,0.04122323,0.089585277
007__038,7,38,13,0.061317173,0.056167672,0.054089588,4.087333954,0.001506115,12,1,0,1.133622473,0.000488281,0.000244141,0.832763672,0.000488281,0.149465388,0.149465388,FALSE,FALSE,TRUE,FALSE,FALSE,FALSE,ROI_007,ROI_007,ROI_038,ROI_038,0.034325457,0.090441267
004__036,4,36,13,0.060288364,0.061193359,0.047356487,4.590137461,0.000621437,12,1,0,1.273075075,0.000488281,0.000244141,0.598632813,0.000488281,0.149465388,0.149465388,FALSE,FALSE,TRUE,FALSE,FALSE,FALSE,ROI_004,ROI_004,ROI_036,ROI_036,0.038651901,0.087773478
053__074,53,74,13,0.057318949,0.044399521,0.053828671,3.839337024,0.002355298,12,1,0,1.0648405,0.000488281,0.000244141,0.923828125,0.000488281,0.149465388,0.149465388,FALSE,FALSE,TRUE,FALSE,FALSE,FALSE,ROI_053,ROI_053,ROI_074,ROI_074,0.030864035,0.086485818
071__075,71,75,13,0.11851833,0.09234548,0.091254461,4.682772884,0.000529739,12,1,0,1.298767519,0.000732422,0.000366211,0.557617188,0.000732422,0.149465388,0.149465388,FALSE,FALSE,TRUE,FALSE,FALSE,FALSE,ROI_071,ROI_071,ROI_075,ROI_075,0.072444535,0.16659567
013__080,13,80,13,0.106203451,0.110058801,0.074309941,5.153038522,0.000239778,12,1,0,1.42919574,0.000732422,0.000366211,0.374755859,0.000732422,0.149465388,0.149465388,FALSE,FALSE,TRUE,FALSE,FALSE,FALSE,ROI_013,ROI_013,ROI_080,ROI_080,0.065226278,0.143030913
041__098,41,98,13,0.101284227,0.079869314,0.093793608,3.893500652,0.002135042,12,1,0,1.079862788,0.000732422,0.000366211,0.908691406,0.000732422,0.149465388,0.149465388,FALSE,FALSE,TRUE,FALSE,FALSE,FALSE,ROI_041,ROI_041,ROI_098,ROI_098,0.055027924,0.152763959
013__088,13,88,13,0.094371081,0.098847005,0.068619843,4.958620605,0.000331542,12,1,0,1.375273911,0.000732422,0.000366211,0.447753906,0.000732422,0.149465388,0.149465388,FALSE,FALSE,TRUE,FALSE,FALSE,FALSE,ROI_013,ROI_013,ROI_088,ROI_088,0.058877083,0.13049266
013__041,13,41,13,0.084633891,0.105087865,0.075256915,4.054801279,0.001596521,12,1,0,1.124599533,0.000732422,0.000366211,0.848144531,0.000732422,0.149465388,0.149465388,FALSE,FALSE,TRUE,FALSE,FALSE,FALSE,ROI_013,ROI_013,ROI_041,ROI_041,0.046616696,0.124740588
014__016,14,16,13,0.079657223,0.056973552,0.076876199,3.735983387,0.00284272,12,1,0,1.036175359,0.000732422,0.000366211,0.94921875,0.000732422,0.149465388,0.149465388,FALSE,FALSE,TRUE,FALSE,FALSE,FALSE,ROI_014,ROI_014,ROI_016,ROI_016,0.042349347,0.123290174
012__063,12,63,13,0.076390489,0.074193658,0.066149252,4.163763266,0.001313955,12,1,0,1.15482015,0.000732422,0.000366211,0.801513672,0.000732422,0.149465388,0.149465388,FALSE,FALSE,TRUE,FALSE,FALSE,FALSE,ROI_012,ROI_012,ROI_063,ROI_063,0.043673168,0.112155007
009__074,9,74,13,0.075520779,0.048089585,0.074992769,3.630937288,0.003444796,12,1,0,1.007040813,0.000732422,0.000366211,0.971679688,0.000732422,0.149465388,0.149465388,FALSE,FALSE,TRUE,FALSE,FALSE,FALSE,ROI_009,ROI_009,ROI_074,ROI_074,0.038263153,0.116645084
013__098,13,98,13,0.104893348,0.098344757,0.089312669,4.234543085,0.001158618,11,2,0,1.17445094,0.000976563,0.000488281,0.772216797,0.000976563,0.149465388,0.149465388,FALSE,FALSE,TRUE,FALSE,FALSE,FALSE,ROI_013,ROI_013,ROI_098,ROI_098,0.061088509,0.153921465
010__042,10,42,13,0.099213269,0.083448891,0.07280241,4.913553373,0.000357671,12,1,0,1.36277451,0.000976563,0.000488281,0.468505859,0.000976563,0.149465388,0.149465388,FALSE,FALSE,TRUE,FALSE,FALSE,FALSE,ROI_010,ROI_010,ROI_042,ROI_042,0.061244535,0.136834531
060__098,60,98,13,0.095149092,0.066512127,0.089901215,3.816021073,0.002457185,11,2,0,1.058373819,0.000976563,0.000488281,0.929931641,0.000976563,0.149465388,0.149465388,FALSE,FALSE,TRUE,FALSE,FALSE,FALSE,ROI_060,ROI_060,ROI_098,ROI_098,0.049751026,0.14323402
042__098,42,98,13,0.091966444,0.066236112,0.089378654,3.709943209,0.002981119,11,2,0,1.028953113,0.000976563,0.000488281,0.956542969,0.000976563,0.149465388,0.149465388,FALSE,FALSE,TRUE,FALSE,FALSE,FALSE,ROI_042,ROI_042,ROI_098,ROI_098,0.050250612,0.142128599
002__014,2,14,13,0.090547727,0.087187037,0.067118784,4.864129719,0.000388823,12,1,0,1.349066855,0.000976563,0.000488281,0.487060547,0.000976563,0.149465388,0.149465388,FALSE,FALSE,TRUE,FALSE,FALSE,FALSE,ROI_002,ROI_002,ROI_014,ROI_014,0.054265307,0.124069824
038__056,38,56,13,0.07307953,0.081776798,0.049532205,5.319609587,0.000182412,12,1,0,1.475394241,0.000976563,0.000488281,0.317138672,0.000976563,0.149465388,0.149465388,FALSE,FALSE,TRUE,FALSE,FALSE,FALSE,ROI_038,ROI_038,ROI_056,ROI_056,0.046404946,0.098078771
058__092,58,92,13,0.062654095,0.043535638,0.072078085,3.13413641,0.008625337,11,2,0,0.869253041,0.000976563,0.000488281,0.999267578,0.000976563,0.149465388,0.149465388,FALSE,FALSE,TRUE,FALSE,FALSE,FALSE,ROI_058,ROI_058,ROI_092,ROI_092,0.03311557,0.105105968
075__095,75,95,13,0.122390084,0.132922281,0.084766924,5.205848031,0.000219774,11,2,0,1.443842462,0.001220703,0.000610352,0.354003906,0.001220703,0.149465388,0.149465388,FALSE,FALSE,TRUE,FALSE,FALSE,FALSE,ROI_075,ROI_075,ROI_095,ROI_095,0.075280134,0.164180414
080__095,80,95,13,0.111184765,0.121609046,0.078296866,5.120030879,0.000253245,12,1,0,1.420041067,0.001220703,0.000610352,0.384277344,0.001220703,0.149465388,0.149465388,FALSE,FALSE,TRUE,FALSE,FALSE,FALSE,ROI_080,ROI_080,ROI_095,ROI_095,0.069038826,0.15154262
007__064,7,64,13,0.09721919,0.094918358,0.085961237,4.077753948,0.001532173,12,1,0,1.130965458,0.001220703,0.000610352,0.835693359,0.001220703,0.149465388,0.149465388,FALSE,FALSE,TRUE,FALSE,FALSE,FALSE,ROI_007,ROI_007,ROI_064,ROI_064,0.054162295,0.14261315
013__094,13,94,13,0.095073842,0.069046432,0.07965919,4.303252528,0.001025985,12,1,0,1.193507511,0.001220703,0.000610352,0.740722656,0.001220703,0.149465388,0.149465388,FALSE,FALSE,TRUE,FALSE,FALSE,FALSE,ROI_013,ROI_013,ROI_094,ROI_094,0.053296832,0.136019485
064__075,64,75,13,0.08874123,0.06430147,0.079244041,4.037667077,0.001646372,12,1,0,1.11984736,0.001220703,0.000610352,0.852783203,0.001220703,0.149465388,0.149465388,FALSE,FALSE,TRUE,FALSE,FALSE,FALSE,ROI_064,ROI_064,ROI_075,ROI_075,0.049107534,0.130674382
006__061,6,61,13,0.088437936,0.064216353,0.077563882,4.111030872,0.001443607,12,1,0,1.140194816,0.001220703,0.000610352,0.823242188,0.001220703,0.149465388,0.149465388,FALSE,FALSE,TRUE,FALSE,FALSE,FALSE,ROI_006,ROI_006,ROI_061,ROI_061,0.048367618,0.129250258
064__074,64,74,13,0.082376819,0.06726144,0.069068111,4.300303626,0.001031341,11,2,0,1.192689632,0.001220703,0.000610352,0.7421875,0.001220703,0.149465388,0.149465388,FALSE,FALSE,TRUE,FALSE,FALSE,FALSE,ROI_064,ROI_064,ROI_074,ROI_074,0.047520756,0.119272294
064__068,64,68,13,0.082049655,0.071804988,0.067250784,4.398970854,0.000866955,12,1,0,1.220054998,0.001220703,0.000610352,0.693359375,0.001220703,0.149465388,0.149465388,FALSE,FALSE,TRUE,FALSE,FALSE,FALSE,ROI_064,ROI_064,ROI_068,ROI_068,0.047688574,0.117785508
013__063,13,63,13,0.076917539,0.056515476,0.068078657,4.073672164,0.001543417,12,1,0,1.129833374,0.001220703,0.000610352,0.838378906,0.001220703,0.149465388,0.149465388,FALSE,FALSE,TRUE,FALSE,FALSE,FALSE,ROI_013,ROI_013,ROI_063,ROI_063,0.042989832,0.113962624
004__080,4,80,13,0.076297001,0.06688097,0.067742088,4.060883828,0.001579201,12,1,0,1.126286528,0.001220703,0.000610352,0.844482422,0.001220703,0.149465388,0.149465388,FALSE,FALSE,TRUE,FALSE,FALSE,FALSE,ROI_004,ROI_004,ROI_080,ROI_080,0.042333347,0.112406429
013__091,13,91,13,0.074578606,0.065423936,0.068777444,3.909668255,0.002073493,11,2,0,1.084346874,0.001220703,0.000610352,0.902587891,0.001220703,0.149465388,0.149465388,FALSE,FALSE,TRUE,FALSE,FALSE,FALSE,ROI_013,ROI_013,ROI_091,ROI_091,0.040570013,0.112405192
031__063,31,63,13,0.071700537,0.049660697,0.078009875,3.313938945,0.006179146,12,1,0,0.919121292,0.001220703,0.000610352,0.994628906,0.001220703,0.149465388,0.149465388,FALSE,FALSE,TRUE,FALSE,FALSE,FALSE,ROI_031,ROI_031,ROI_063,ROI_063,0.035142353,0.115644704
025__059,25,59,13,0.06527316,0.040311001,0.076312245,3.083983789,0.009467575,12,1,0,0.855343207,0.001220703,0.000610352,0.999511719,0.001220703,0.149465388,0.149465388,FALSE,FALSE,TRUE,FALSE,FALSE,FALSE,ROI_025,ROI_025,ROI_059,ROI_059,0.029487081,0.109065896
039__048,39,48,13,0.064003481,0.043437924,0.069546857,3.318163332,0.006130998,11,2,0,0.920292926,0.001220703,0.000610352,0.994384766,0.001220703,0.149465388,0.149465388,FALSE,FALSE,TRUE,FALSE,FALSE,FALSE,ROI_039,ROI_039,ROI_048,ROI_048,0.03086929,0.103589171
042__102,42,102,13,0.060031834,0.039067923,0.064732848,3.343709776,0.005847814,12,1,0,0.927378234,0.001220703,0.000610352,0.993408203,0.001220703,0.149465388,0.149465388,FALSE,FALSE,TRUE,FALSE,FALSE,FALSE,ROI_042,ROI_042,ROI_102,ROI_102,0.028373088,0.09628538
031__071,31,71,13,0.108321511,0.104195962,0.089942065,4.342337091,0.00095767,11,2,0,1.204347618,0.001464844,0.000732422,0.721435547,0.001464844,0.149465388,0.149465388,FALSE,FALSE,TRUE,FALSE,FALSE,FALSE,ROI_031,ROI_031,ROI_071,ROI_071,0.062199802,0.155452004
074__075,74,75,13,0.094045482,0.102403391,0.073007312,4.644545849,0.000565737,11,2,0,1.288165247,0.001464844,0.000732422,0.57421875,0.001464844,0.149465388,0.149465388,FALSE,FALSE,TRUE,FALSE,FALSE,FALSE,ROI_074,ROI_074,ROI_075,ROI_075,0.055964871,0.131396669
047__083,47,83,13,0.092467532,0.104965355,0.071174821,4.684190632,0.00052845,12,1,0,1.299160731,0.001464844,0.000732422,0.556884766,0.001464844,0.149465388,0.149465388,FALSE,FALSE,TRUE,FALSE,FALSE,FALSE,ROI_047,ROI_047,ROI_083,ROI_083,0.05380552,0.127955171
033__059,33,59,13,0.085236391,0.08530065,0.07928019,3.87643092,0.002202071,11,2,0,1.075128496,0.001464844,0.000732422,0.914794922,0.001464844,0.149465388,0.149465388,FALSE,FALSE,TRUE,FALSE,FALSE,FALSE,ROI_033,ROI_033,ROI_059,ROI_059,0.04688688,0.129298796
056__091,56,91,13,0.081882565,0.061687062,0.074721883,3.951075309,0.001924054,11,2,0,1.095831125,0.001464844,0.000732422,0.889160156,0.001464844,0.149465388,0.149465388,FALSE,FALSE,TRUE,FALSE,FALSE,FALSE,ROI_056,ROI_056,ROI_091,ROI_091,0.044059414,0.121341296
047__080,47,80,13,0.081652944,0.08998697,0.067368868,4.370028575,0.000912141,12,1,0,1.212027854,0.001464844,0.000732422,0.708007813,0.001464844,0.149465388,0.149465388,FALSE,FALSE,TRUE,FALSE,FALSE,FALSE,ROI_047,ROI_047,ROI_080,ROI_080,0.046643315,0.116986915
014__083,14,83,13,0.068453396,0.060000074,0.067833894,3.638479466,0.00339751,11,2,0,1.009132637,0.001464844,0.000732422,0.971191406,0.001464844,0.149465388,0.149465388,FALSE,FALSE,TRUE,FALSE,FALSE,FALSE,ROI_014,ROI_014,ROI_083,ROI_083,0.035245879,0.106329542
063__095,63,95,13,0.109025012,0.09563937,0.103110404,3.812372521,0.002473534,12,1,0,1.057361893,0.001708984,0.000854492,0.929931641,0.001708984,0.149465388,0.149465388,FALSE,FALSE,TRUE,FALSE,FALSE,FALSE,ROI_063,ROI_063,ROI_095,ROI_095,0.056832703,0.163370002
010__075,10,75,13,0.107249967,0.125074587,0.084296437,4.587326216,0.000624466,11,2,0,1.272295376,0.001708984,0.000854492,0.599121094,0.001708984,0.149465388,0.149465388,FALSE,FALSE,TRUE,FALSE,FALSE,FALSE,ROI_010,ROI_010,ROI_075,ROI_075,0.062416164,0.149143322
064__080,64,80,13,0.10573973,0.095255982,0.087937995,4.335441299,0.00096937,11,2,0,1.20243507,0.001708984,0.000854492,0.725097656,0.001708984,0.149465388,0.149465388,FALSE,FALSE,TRUE,FALSE,FALSE,FALSE,ROI_064,ROI_064,ROI_080,ROI_080,0.061130395,0.15209786
042__075,42,75,13,0.102337697,0.072034211,0.094541865,3.902861585,0.00209918,11,2,0,1.082459044,0.001708984,0.000854492,0.905273438,0.001708984,0.149465388,0.149465388,FALSE,FALSE,TRUE,FALSE,FALSE,FALSE,ROI_042,ROI_042,ROI_075,ROI_075,0.054372921,0.152669512
033__047,33,47,13,0.090161442,0.096169155,0.077753536,4.180925002,0.00127441,12,1,0,1.159579959,0.001708984,0.000854492,0.795166016,0.001708984,0.149465388,0.149465388,FALSE,FALSE,TRUE,FALSE,FALSE,FALSE,ROI_033,ROI_033,ROI_047,ROI_047,0.049257786,0.130577658
010__091,10,91,13,0.080721743,0.092312653,0.06867622,4.237949954,0.00115164,12,1,0,1.175395835,0.001708984,0.000854492,0.771240234,0.001708984,0.149465388,0.149465388,FALSE,FALSE,TRUE,FALSE,FALSE,FALSE,ROI_010,ROI_010,ROI_091,ROI_091,0.045130376,0.116553369
004__075,4,75,13,0.076146692,0.058722142,0.082005838,3.347942146,0.005802194,11,2,0,0.928552083,0.001708984,0.000854492,0.993408203,0.001708984,0.149465388,0.149465388,FALSE,FALSE,TRUE,FALSE,FALSE,FALSE,ROI_004,ROI_004,ROI_075,ROI_075,0.037190707,0.122501138
009__036,9,36,13,0.069485626,0.081529386,0.062845279,3.986520428,0.001804965,11,2,0,1.105661832,0.001708984,0.000854492,0.876220703,0.001708984,0.149465388,0.149465388,FALSE,FALSE,TRUE,FALSE,FALSE,FALSE,ROI_009,ROI_009,ROI_036,ROI_036,0.037212666,0.101972945
010__095,10,95,13,0.068677658,0.056886197,0.06492749,3.813805474,0.0024671,11,2,0,1.057759323,0.001708984,0.000854492,0.929931641,0.001708984,0.149465388,0.149465388,FALSE,FALSE,TRUE,FALSE,FALSE,FALSE,ROI_010,ROI_010,ROI_095,ROI_095,0.035458061,0.103709624
014__049,14,49,13,0.066704895,0.0648756,0.058604759,4.103897422,0.001462136,12,1,0,1.138216353,0.001708984,0.000854492,0.826171875,0.001708984,0.149465388,0.149465388,FALSE,FALSE,TRUE,FALSE,FALSE,FALSE,ROI_014,ROI_014,ROI_049,ROI_049,0.036463289,0.098060384
025__052,25,52,13,0.06646554,0.038783778,0.072080558,3.324681684,0.006057447,12,1,0,0.922100791,0.001708984,0.000854492,0.994384766,0.001708984,0.149465388,0.149465388,FALSE,FALSE,TRUE,FALSE,FALSE,FALSE,ROI_025,ROI_025,ROI_052,ROI_052,0.031848061,0.106624301
013__107,13,107,13,0.059538566,0.045950419,0.063922022,3.3583004,0.005692059,12,1,0,0.931424945,0.001708984,0.000854492,0.992675781,0.001708984,0.149465388,0.149465388,FALSE,FALSE,TRUE,FALSE,FALSE,FALSE,ROI_013,ROI_013,ROI_107,ROI_107,0.029503675,0.095943418
047__075,47,75,13,0.096397156,0.105369136,0.081975762,4.239849451,0.001147768,11,2,0,1.175922661,0.001953125,0.000976563,0.770263672,0.001953125,0.149465388,0.149465388,FALSE,FALSE,TRUE,FALSE,FALSE,FALSE,ROI_047,ROI_047,ROI_075,ROI_075,0.054545601,0.138909768
056__095,56,95,13,0.096367316,0.099186053,0.079552786,4.367632046,0.000915991,12,1,0,1.211363177,0.001953125,0.000976563,0.709228516,0.001953125,0.149465388,0.149465388,FALSE,FALSE,TRUE,FALSE,FALSE,FALSE,ROI_056,ROI_056,ROI_095,ROI_095,0.053861543,0.136322018
010__064,10,64,13,0.090547299,0.108762837,0.066883212,4.881238801,0.000377729,12,1,0,1.35381206,0.001953125,0.000976563,0.480712891,0.001953125,0.149465388,0.149465388,FALSE,FALSE,TRUE,FALSE,FALSE,FALSE,ROI_010,ROI_010,ROI_064,ROI_064,0.053109525,0.122200244
075__080,75,80,13,0.08995903,0.080276907,0.086191837,3.763139385,0.002705396,10,3,0,1.043707078,0.001953125,0.000976563,0.943359375,0.001953125,0.149465388,0.149465388,FALSE,FALSE,TRUE,FALSE,FALSE,FALSE,ROI_075,ROI_075,ROI_080,ROI_080,0.046674738,0.135994753
017__075,17,75,13,0.088923739,0.096396576,0.07986108,4.014710302,0.001715696,12,1,0,1.113480296,0.001953125,0.000976563,0.862304688,0.001953125,0.149465388,0.149465388,FALSE,FALSE,TRUE,FALSE,FALSE,FALSE,ROI_017,ROI_017,ROI_075,ROI_075,0.047817635,0.131532492
013__016,13,16,13,0.08719016,0.070942315,0.075177266,4.181697615,0.001272659,11,2,0,1.159794244,0.001953125,0.000976563,0.794433594,0.001953125,0.149465388,0.149465388,FALSE,FALSE,TRUE,FALSE,FALSE,FALSE,ROI_013,ROI_013,ROI_016,ROI_016,0.048006686,0.126809048
053__080,53,80,13,0.08451449,0.077375455,0.081581476,3.735177939,0.002846901,11,2,0,1.035951968,0.001953125,0.000976563,0.949462891,0.001953125,0.149465388,0.149465388,FALSE,FALSE,TRUE,FALSE,FALSE,FALSE,ROI_053,ROI_053,ROI_080,ROI_080,0.044724855,0.129670076
019__059,19,59,13,0.079163739,0.046424947,0.086732226,3.290921184,0.006448301,11,2,0,0.912737313,0.001953125,0.000976563,0.995117188,0.001953125,0.149465388,0.149465388,FALSE,FALSE,TRUE,FALSE,FALSE,FALSE,ROI_019,ROI_019,ROI_059,ROI_059,0.038036617,0.128388097
014__058,14,58,13,0.074233131,0.043036356,0.092124672,2.905316798,0.01319536,11,2,0,0.805789899,0.001953125,0.000976563,1,0.001953125,0.149465388,0.149465388,FALSE,FALSE,TRUE,FALSE,FALSE,FALSE,ROI_014,ROI_014,ROI_058,ROI_058,0.03191796,0.127240612
014__041,14,41,13,0.071350357,0.054985422,0.072457877,3.550440347,0.003993411,10,3,0,0.984714979,0.001953125,0.000976563,0.980224609,0.001953125,0.149465388,0.149465388,FALSE,FALSE,TRUE,FALSE,FALSE,FALSE,ROI_014,ROI_014,ROI_041,ROI_041,0.035711869,0.110526904
064__081,64,81,13,0.06350268,0.062307359,0.064031204,3.575790478,0.003811628,11,2,0,0.99174584,0.001953125,0.000976563,0.976806641,0.001953125,0.149465388,0.149465388,FALSE,FALSE,TRUE,FALSE,FALSE,FALSE,ROI_064,ROI_064,ROI_081,ROI_081,0.032506675,0.098277325
014__068,14,68,13,0.052574308,0.050995419,0.057914807,3.273072537,0.006665151,11,2,0,0.907786989,0.001953125,0.000976563,0.995605469,0.001953125,0.149465388,0.149465388,FALSE,FALSE,TRUE,FALSE,FALSE,FALSE,ROI_014,ROI_014,ROI_068,ROI_068,0.02551717,0.085787342
014__071,14,71,13,0.087981642,0.086577718,0.078191677,4.056983196,0.001590285,12,1,0,1.125204687,0.002197266,0.001098633,0.846679688,0.002197266,0.149465388,0.149465388,FALSE,FALSE,TRUE,FALSE,FALSE,FALSE,ROI_014,ROI_014,ROI_071,ROI_071,0.046510451,0.128311358
014__075,14,75,13,0.084499288,0.10004782,0.069335058,4.394119281,0.000874364,11,2,0,1.218709414,0.002197266,0.001098633,0.695800781,0.002197266,0.149465388,0.149465388,FALSE,FALSE,TRUE,FALSE,FALSE,FALSE,ROI_014,ROI_014,ROI_075,ROI_075,0.047436909,0.120387971
050__103,50,103,13,0.07858171,0.086390164,0.06938246,4.083602444,0.00151621,12,1,0,1.132587538,0.002197266,0.001098633,0.833496094,0.002197266,0.149465388,0.149465388,FALSE,FALSE,TRUE,FALSE,FALSE,FALSE,ROI_050,ROI_050,ROI_103,ROI_103,0.042595123,0.114548055
013__084,13,84,13,0.077127151,0.067334573,0.073245326,3.796636784,0.002545335,12,1,0,1.052997585,0.002197266,0.001098633,0.934082031,0.002197266,0.149465388,0.149465388,FALSE,FALSE,TRUE,FALSE,FALSE,FALSE,ROI_013,ROI_013,ROI_084,ROI_084,0.039198718,0.116425684
009__083,9,83,13,0.076278529,0.0507048,0.079089654,3.477397309,0.004568231,10,3,0,0.964456485,0.002197266,0.001098633,0.986328125,0.002197266,0.149465388,0.149465388,FALSE,FALSE,TRUE,FALSE,FALSE,FALSE,ROI_009,ROI_009,ROI_083,ROI_083,0.037066713,0.11821356
088__101,88,101,13,0.075705329,0.054092367,0.080619762,3.385763483,0.005410205,10,3,0,0.939041834,0.002197266,0.001098633,0.991210938,0.002197266,0.149465388,0.149465388,FALSE,FALSE,TRUE,FALSE,FALSE,FALSE,ROI_088,ROI_088,ROI_101,ROI_101,0.036300806,0.120229534
045__056,45,56,13,0.067529255,0.052623383,0.065687805,3.706626962,0.002999234,12,1,0,1.028033352,0.002197266,0.001098633,0.95703125,0.002197266,0.149465388,0.149465388,FALSE,FALSE,TRUE,FALSE,FALSE,FALSE,ROI_045,ROI_045,ROI_056,ROI_056,0.03401316,0.103735886
047__078,47,78,13,0.059023928,0.072613938,0.047178592,4.510812786,0.000713107,12,1,0,1.251074369,0.002197266,0.001098633,0.638916016,0.002197266,0.149465388,0.149465388,FALSE,FALSE,TRUE,FALSE,FALSE,FALSE,ROI_047,ROI_047,ROI_078,ROI_078,0.033688005,0.082641821
013__057,13,57,13,0.084620002,0.051369324,0.097520502,3.128590927,0.008714636,11,2,0,0.867715,0.002441406,0.001220703,0.999511719,0.002441406,0.149465388,0.149465388,FALSE,FALSE,TRUE,FALSE,FALSE,FALSE,ROI_013,ROI_013,ROI_057,ROI_057,0.038361751,0.139468377
038__075,38,75,13,0.084119931,0.086748192,0.07464618,4.063151298,0.001572794,11,2,0,1.126915411,0.002441406,0.001220703,0.84375,0.002441406,0.149465388,0.149465388,FALSE,FALSE,TRUE,FALSE,FALSE,FALSE,ROI_038,ROI_038,ROI_075,ROI_075,0.045081238,0.12224926
052__058,52,58,13,0.069555961,0.054218823,0.079954436,3.136631267,0.008585462,11,2,0,0.86994499,0.002441406,0.001220703,0.999267578,0.002441406,0.149465388,0.149465388,FALSE,FALSE,TRUE,FALSE,FALSE,FALSE,ROI_052,ROI_052,ROI_058,ROI_058,0.031307946,0.113993242
007__058,7,58,13,0.068875633,0.070471403,0.069372388,3.579732985,0.003784125,11,2,0,0.992839295,0.002441406,0.001220703,0.976318359,0.002441406,0.149465388,0.149465388,FALSE,FALSE,TRUE,FALSE,FALSE,FALSE,ROI_007,ROI_007,ROI_058,ROI_058,0.033926897,0.107191564
014__038,14,38,13,0.06355627,0.074785986,0.051899024,4.415408454,0.000842335,11,2,0,1.224613968,0.002441406,0.001220703,0.685791016,0.002441406,0.149465388,0.149465388,FALSE,FALSE,TRUE,FALSE,FALSE,FALSE,ROI_014,ROI_014,ROI_038,ROI_038,0.034795914,0.088585717
048__091,48,91,13,0.056648931,0.052243468,0.048179645,4.239355082,0.001148775,11,2,0,1.175785548,0.002441406,0.001220703,0.770507813,0.002441406,0.149465388,0.149465388,FALSE,FALSE,TRUE,FALSE,FALSE,FALSE,ROI_048,ROI_048,ROI_091,ROI_091,0.031100018,0.081444136
018__098,18,98,13,0.053584544,0.052917171,0.054343956,3.555166679,0.00395886,11,2,0,0.986025827,0.002441406,0.001220703,0.979736328,0.002441406,0.149465388,0.149465388,FALSE,FALSE,TRUE,FALSE,FALSE,FALSE,ROI_018,ROI_018,ROI_098,ROI_098,0.027094198,0.083280356
094__095,94,95,13,0.10640572,0.10086812,0.101340707,3.78575688,0.002596228,11,2,0,1.049980042,0.002685547,0.001342773,0.936767578,0.002685547,0.149465388,0.149465388,FALSE,FALSE,TRUE,FALSE,FALSE,FALSE,ROI_094,ROI_094,ROI_095,ROI_095,0.054119673,0.160298725
017__047,17,47,13,0.101718152,0.075099049,0.101119908,3.626882392,0.003470496,12,1,0,1.005916187,0.002685547,0.001342773,0.972167969,0.002685547,0.149465388,0.149465388,FALSE,FALSE,TRUE,FALSE,FALSE,FALSE,ROI_017,ROI_017,ROI_047,ROI_047,0.050450179,0.156217317
052__061,52,61,13,0.091422949,0.077105978,0.102674897,3.210425718,0.007486293,10,3,0,0.890411888,0.002685547,0.001342773,0.997802734,0.002685547,0.149465388,0.149465388,FALSE,FALSE,TRUE,FALSE,FALSE,FALSE,ROI_052,ROI_052,ROI_061,ROI_061,0.04268406,0.148392082
078__080,78,80,13,0.077075925,0.082836763,0.073670424,3.772222066,0.002661001,10,3,0,1.04622616,0.002685547,0.001342773,0.940917969,0.002685547,0.149465388,0.149465388,FALSE,FALSE,TRUE,FALSE,FALSE,FALSE,ROI_078,ROI_078,ROI_080,ROI_080,0.039594325,0.116220149
009__033,9,33,13,0.075740493,0.103841162,0.067210372,4.06315611,0.001572781,12,1,0,1.126916746,0.002685547,0.001342773,0.84375,0.002685547,0.149465388,0.149465388,FALSE,FALSE,TRUE,FALSE,FALSE,FALSE,ROI_009,ROI_009,ROI_033,ROI_033,0.039291098,0.109077814
058__106,58,106,13,0.07097954,0.036073173,0.082053329,3.118951708,0.008872075,10,3,0,0.865041562,0.002685547,0.001342773,0.999511719,0.002685547,0.149465388,0.149465388,FALSE,FALSE,TRUE,FALSE,FALSE,FALSE,ROI_058,ROI_058,ROI_106,ROI_106,0.031622157,0.11641001
056__061,56,61,13,0.06895984,0.048392449,0.068209439,3.645217497,0.003355827,11,2,0,1.01100143,0.002685547,0.001342773,0.969238281,0.002685547,0.149465388,0.149465388,FALSE,FALSE,TRUE,FALSE,FALSE,FALSE,ROI_056,ROI_056,ROI_061,ROI_061,0.03463898,0.104804565
030__063,30,63,13,0.06494632,0.052930521,0.072362312,3.236039318,0.007138887,11,2,0,0.897515822,0.002685547,0.001342773,0.996826172,0.002685547,0.149465388,0.149465388,FALSE,FALSE,TRUE,FALSE,FALSE,FALSE,ROI_030,ROI_030,ROI_063,ROI_063,0.030762318,0.10596002
014__027,14,27,13,0.055878569,0.053537167,0.055154072,3.652913361,0.003308858,12,1,0,1.013135879,0.002685547,0.001342773,0.966064453,0.002685547,0.149465388,0.149465388,FALSE,FALSE,TRUE,FALSE,FALSE,FALSE,ROI_014,ROI_014,ROI_027,ROI_027,0.027708177,0.085808434
031__042,31,42,13,0.104002349,0.076069128,0.105503231,3.554258958,0.003965472,12,1,0,0.985774071,0.002929688,0.001464844,0.979980469,0.002929688,0.149465388,0.149465388,FALSE,FALSE,TRUE,FALSE,FALSE,FALSE,ROI_031,ROI_031,ROI_042,ROI_042,0.050586391,0.161647193
013__053,13,53,13,0.091065206,0.103311132,0.084707471,3.876166579,0.002203125,10,3,0,1.075055181,0.002929688,0.001464844,0.914794922,0.002929688,0.149465388,0.149465388,FALSE,FALSE,TRUE,FALSE,FALSE,FALSE,ROI_013,ROI_013,ROI_053,ROI_053,0.047679892,0.134875304
007__063,7,63,13,0.083106548,0.067594781,0.082617807,3.626880585,0.003470508,12,1,0,1.005915686,0.002929688,0.001464844,0.972167969,0.002929688,0.149465388,0.149465388,FALSE,FALSE,TRUE,FALSE,FALSE,FALSE,ROI_007,ROI_007,ROI_063,ROI_063,0.041825059,0.126901797
014__053,14,53,13,0.073361478,0.059347944,0.079456645,3.328967266,0.006009578,11,2,0,0.923289398,0.002929688,0.001464844,0.993896484,0.002929688,0.149465388,0.149465388,FALSE,FALSE,TRUE,FALSE,FALSE,FALSE,ROI_014,ROI_014,ROI_053,ROI_053,0.034509556,0.116922403
005__091,5,91,13,0.063558629,0.061168449,0.058660423,3.906618524,0.002084961,11,2,0,1.083501031,0.002929688,0.001464844,0.903076172,0.002929688,0.149465388,0.149465388,FALSE,FALSE,TRUE,FALSE,FALSE,FALSE,ROI_005,ROI_005,ROI_091,ROI_091,0.033030014,0.094129426
010__052,10,52,13,0.059582035,0.058134741,0.059238388,3.626467385,0.003473138,12,1,0,1.005801085,0.002929688,0.001464844,0.972167969,0.002929688,0.149465388,0.149465388,FALSE,FALSE,TRUE,FALSE,FALSE,FALSE,ROI_010,ROI_010,ROI_052,ROI_052,0.02920505,0.091188234
014__105,14,105,13,0.051825554,0.060716303,0.047504403,3.933523634,0.001985995,11,2,0,1.090963166,0.002929688,0.001464844,0.894287109,0.002929688,0.149465388,0.149465388,FALSE,FALSE,TRUE,FALSE,FALSE,FALSE,ROI_014,ROI_014,ROI_105,ROI_105,0.027143305,0.07660069
009__064,9,64,13,0.089616277,0.06758217,0.093480948,3.456491292,0.004747783,11,2,0,0.958658199,0.003173828,0.001586914,0.98828125,0.003173828,0.149465388,0.149465388,FALSE,FALSE,TRUE,FALSE,FALSE,FALSE,ROI_009,ROI_009,ROI_064,ROI_064,0.042179081,0.139339486
012__075,12,75,13,0.086027987,0.100342308,0.081448661,3.808267862,0.00249206,11,2,0,1.056223465,0.003173828,0.001586914,0.931640625,0.003173828,0.149465388,0.149465388,FALSE,FALSE,TRUE,FALSE,FALSE,FALSE,ROI_012,ROI_012,ROI_075,ROI_075,0.043778376,0.128648727
014__098,14,98,13,0.08380765,0.072568607,0.080323551,3.761944987,0.002711291,12,1,0,1.043375811,0.003173828,0.001586914,0.943603516,0.003173828,0.149465388,0.149465388,FALSE,FALSE,TRUE,FALSE,FALSE,FALSE,ROI_014,ROI_014,ROI_098,ROI_098,0.042143219,0.126157748
038__060,38,60,13,0.078047264,0.082155505,0.081084043,3.470515333,0.004626561,11,2,0,0.962547768,0.003173828,0.001586914,0.986816406,0.003173828,0.149465388,0.149465388,FALSE,FALSE,TRUE,FALSE,FALSE,FALSE,ROI_038,ROI_038,ROI_060,ROI_060,0.037685397,0.123080086
023__060,23,60,13,0.077892824,0.049920058,0.079220675,3.545117118,0.004032693,12,1,0,0.98323858,0.003173828,0.001586914,0.981445313,0.003173828,0.149465388,0.149465388,FALSE,FALSE,TRUE,FALSE,FALSE,FALSE,ROI_023,ROI_023,ROI_060,ROI_060,0.038453717,0.121008379
014__101,14,101,13,0.077123757,0.077073781,0.07672687,3.624201806,0.003487593,11,2,0,1.005172727,0.003173828,0.001586914,0.972900391,0.003173828,0.149465388,0.149465388,FALSE,FALSE,TRUE,FALSE,FALSE,FALSE,ROI_014,ROI_014,ROI_101,ROI_101,0.037663054,0.11728675
060__103,60,103,13,0.07613935,0.056273344,0.081172397,3.381991158,0.005448066,11,2,0,0.937995579,0.003173828,0.001586914,0.991455078,0.003173828,0.149465388,0.149465388,FALSE,FALSE,TRUE,FALSE,FALSE,FALSE,ROI_060,ROI_060,ROI_103,ROI_103,0.036349496,0.120091041
056__098,56,98,13,0.073372477,0.050908967,0.072877489,3.630040386,0.003450464,12,1,0,1.006792057,0.003173828,0.001586914,0.971679688,0.003173828,0.149465388,0.149465388,FALSE,FALSE,TRUE,FALSE,FALSE,FALSE,ROI_056,ROI_056,ROI_098,ROI_098,0.035336436,0.110778609
063__064,63,64,13,0.072462693,0.066325184,0.076691851,3.406723823,0.00520465,12,1,0,0.944855187,0.003173828,0.001586914,0.990234375,0.003173828,0.149465388,0.149465388,FALSE,FALSE,TRUE,FALSE,FALSE,FALSE,ROI_063,ROI_063,ROI_064,ROI_064,0.034603509,0.115267039
026__045,26,45,13,0.067120999,0.068058158,0.063459802,3.813566972,0.002468169,11,2,0,1.057693174,0.003173828,0.001586914,0.929931641,0.003173828,0.149465388,0.149465388,FALSE,FALSE,TRUE,FALSE,FALSE,FALSE,ROI_026,ROI_026,ROI_045,ROI_045,0.034320713,0.100683939
063__077,63,77,13,0.096642812,0.07004548,0.094655307,3.681258072,0.003141592,12,1,0,1.020997287,0.003417969,0.001708984,0.962158203,0.003417969,0.149465388,0.149465388,FALSE,FALSE,TRUE,FALSE,FALSE,FALSE,ROI_063,ROI_063,ROI_077,ROI_077,0.04850857,0.146657151
010__098,10,98,13,0.092476228,0.085987518,0.090719996,3.675350483,0.003175725,12,1,0,1.019358817,0.003417969,0.001708984,0.962646484,0.003417969,0.149465388,0.149465388,FALSE,FALSE,TRUE,FALSE,FALSE,FALSE,ROI_010,ROI_010,ROI_098,ROI_098,0.044824326,0.139524804
077__098,77,98,13,0.088060247,0.082984001,0.084493473,3.757754574,0.002732075,11,2,0,1.0422136,0.003417969,0.001708984,0.944091797,0.003417969,0.149465388,0.149465388,FALSE,FALSE,TRUE,FALSE,FALSE,FALSE,ROI_077,ROI_077,ROI_098,ROI_098,0.043233709,0.131615226
033__080,33,80,13,0.087677351,0.116615453,0.078002701,4.052746652,0.001602415,11,2,0,1.124029682,0.003417969,0.001708984,0.849121094,0.003417969,0.149465388,0.149465388,FALSE,FALSE,TRUE,FALSE,FALSE,FALSE,ROI_033,ROI_033,ROI_080,ROI_080,0.0443889,0.124897016
002__047,2,47,13,0.076516823,0.0351348,0.093814469,2.94075456,0.012354641,11,2,0,0.815618566,0.003417969,0.001708984,0.999755859,0.003417969,0.149465388,0.149465388,FALSE,FALSE,TRUE,FALSE,FALSE,FALSE,ROI_002,ROI_002,ROI_047,ROI_047,0.032210168,0.129229411
007__080,7,80,13,0.076116592,0.087269068,0.073563875,3.730666411,0.002870434,10,3,0,1.034700695,0.003417969,0.001708984,0.950927734,0.003417969,0.149465388,0.149465388,FALSE,FALSE,TRUE,FALSE,FALSE,FALSE,ROI_007,ROI_007,ROI_080,ROI_080,0.038287692,0.116106077
058__075,58,75,13,0.072637876,0.04796723,0.078418975,3.339747647,0.00589085,11,2,0,0.926279338,0.003417969,0.001708984,0.993408203,0.003417969,0.149465388,0.149465388,FALSE,FALSE,TRUE,FALSE,FALSE,FALSE,ROI_058,ROI_058,ROI_075,ROI_075,0.033571538,0.116314596
078__098,78,98,13,0.069866411,0.073355149,0.070066614,3.595249041,0.00367784,12,1,0,0.997142674,0.003417969,0.001708984,0.975830078,0.003417969,0.149465388,0.149465388,FALSE,FALSE,TRUE,FALSE,FALSE,FALSE,ROI_078,ROI_078,ROI_098,ROI_098,0.032575504,0.10655549
048__058,48,58,13,0.06760351,0.073709388,0.059900229,4.069231831,0.001555746,11,2,0,1.128601848,0.003417969,0.001708984,0.841064453,0.003417969,0.149465388,0.149465388,FALSE,FALSE,TRUE,FALSE,FALSE,FALSE,ROI_048,ROI_048,ROI_058,ROI_058,0.035426573,0.097630096
049__092,49,92,13,0.061985738,0.049694584,0.070480564,3.170984262,0.00805489,10,3,0,0.879472796,0.003417969,0.001708984,0.999023438,0.003417969,0.149465388,0.149465388,FALSE,FALSE,TRUE,FALSE,FALSE,FALSE,ROI_049,ROI_049,ROI_092,ROI_092,0.028068224,0.10155941
084__098,84,98,13,0.095972386,0.110244879,0.08770585,3.94538514,0.001943914,11,2,0,1.094252956,0.003662109,0.001831055,0.889648438,0.003662109,0.149465388,0.149465388,FALSE,FALSE,TRUE,FALSE,FALSE,FALSE,ROI_084,ROI_084,ROI_098,ROI_098,0.049233729,0.14099158
075__091,75,91,13,0.095051896,0.108550273,0.086202662,3.975683279,0.001840547,11,2,0,1.102656147,0.003662109,0.001831055,0.881347656,0.003662109,0.149465388,0.149465388,FALSE,FALSE,TRUE,FALSE,FALSE,FALSE,ROI_075,ROI_075,ROI_091,ROI_091,0.050181997,0.139821144
013__103,13,103,13,0.08431016,0.101138596,0.076702463,3.96316617,0.001882546,11,2,0,1.099184526,0.003662109,0.001831055,0.885742188,0.003662109,0.149465388,0.149465388,FALSE,FALSE,TRUE,FALSE,FALSE,FALSE,ROI_013,ROI_013,ROI_103,ROI_103,0.043589036,0.123530608
040__050,40,50,13,0.084157956,0.073004256,0.088654515,3.422677604,0.005053523,11,2,0,0.949279969,0.003662109,0.001831055,0.990234375,0.003662109,0.149465388,0.149465388,FALSE,FALSE,TRUE,FALSE,FALSE,FALSE,ROI_040,ROI_040,ROI_050,ROI_050,0.039013709,0.131367231
029__098,29,98,13,0.082792613,0.077315613,0.082093197,3.636269752,0.003411295,11,2,0,1.008519773,0.003662109,0.001831055,0.971191406,0.003662109,0.149465388,0.149465388,FALSE,FALSE,TRUE,FALSE,FALSE,FALSE,ROI_029,ROI_029,ROI_098,ROI_098,0.040030202,0.126265802
056__075,56,75,13,0.082768047,0.085498607,0.08655096,3.447962203,0.004823082,11,2,0,0.956292655,0.003662109,0.001831055,0.988769531,0.003662109,0.149465388,0.149465388,FALSE,FALSE,TRUE,FALSE,FALSE,FALSE,ROI_056,ROI_056,ROI_075,ROI_075,0.039673469,0.130418458
075__078,75,78,13,0.078854294,0.056414798,0.086725255,3.278320718,0.006600634,12,1,0,0.909242573,0.003662109,0.001831055,0.995361328,0.003662109,0.149465388,0.149465388,FALSE,FALSE,TRUE,FALSE,FALSE,FALSE,ROI_075,ROI_075,ROI_078,ROI_078,0.035720764,0.12594756
012__091,12,91,13,0.076900696,0.087136969,0.07597534,3.649465757,0.003329816,11,2,0,1.012179686,0.003662109,0.001831055,0.967773438,0.003662109,0.149465388,0.149465388,FALSE,FALSE,TRUE,FALSE,FALSE,FALSE,ROI_012,ROI_012,ROI_091,ROI_091,0.03734493,0.11704895
013__019,13,19,13,0.076299069,0.066821827,0.084694439,3.248149565,0.006980341,10,3,0,0.9008746,0.003662109,0.001831055,0.996826172,0.003662109,0.149465388,0.149465388,FALSE,FALSE,TRUE,FALSE,FALSE,FALSE,ROI_013,ROI_013,ROI_019,ROI_019,0.034027538,0.122028942
014__091,14,91,13,0.072615241,0.09447098,0.065708364,3.984545622,0.001811396,10,3,0,1.105114119,0.003662109,0.001831055,0.876953125,0.003662109,0.149465388,0.149465388,FALSE,FALSE,TRUE,FALSE,FALSE,FALSE,ROI_014,ROI_014,ROI_091,ROI_091,0.038634158,0.107839985
014__042,14,42,13,0.071329929,0.044255022,0.074279618,3.462372604,0.004696557,12,1,0,0.960289381,0.003662109,0.001831055,0.988037109,0.003662109,0.149465388,0.149465388,FALSE,FALSE,TRUE,FALSE,FALSE,FALSE,ROI_014,ROI_014,ROI_042,ROI_042,0.034537831,0.111381709
047__059,47,59,13,0.062722887,0.046307858,0.065152316,3.471105888,0.004621526,10,3,0,0.962711559,0.003662109,0.001831055,0.986816406,0.003662109,0.149465388,0.149465388,FALSE,FALSE,TRUE,FALSE,FALSE,FALSE,ROI_047,ROI_047,ROI_059,ROI_059,0.029978531,0.096469688
022__042,22,42,13,0.078210206,0.051257922,0.093244352,3.024214348,0.010579733,11,2,0,0.838766146,0.00390625,0.001953125,0.999511719,0.00390625,0.149465388,0.149465388,FALSE,FALSE,TRUE,FALSE,FALSE,FALSE,ROI_022,ROI_022,ROI_042,ROI_042,0.033252895,0.129869542
045__060,45,60,13,0.073766591,0.05040319,0.085819182,3.099181546,0.009203981,12,1,0,0.859558306,0.00390625,0.001953125,0.999511719,0.00390625,0.149465388,0.149465388,FALSE,FALSE,TRUE,FALSE,FALSE,FALSE,ROI_045,ROI_045,ROI_060,ROI_060,0.032124929,0.121759825
022__029,22,29,13,0.069813726,0.043554418,0.082404498,3.054650817,0.009997933,11,2,0,0.847207704,0.00390625,0.001953125,0.999511719,0.00390625,0.149465388,0.149465388,FALSE,FALSE,TRUE,FALSE,FALSE,FALSE,ROI_022,ROI_022,ROI_029,ROI_029,0.029416528,0.115812894
007__061,7,61,13,0.106357027,0.111271155,0.101457305,3.77967573,0.002625128,11,2,0,1.048293435,0.004150391,0.002075195,0.938476563,0.004150391,0.149465388,0.149465388,FALSE,FALSE,TRUE,FALSE,FALSE,FALSE,ROI_007,ROI_007,ROI_061,ROI_061,0.051927719,0.157215341
053__064,53,64,13,0.093305074,0.056704457,0.109187563,3.081085607,0.009518695,11,2,0,0.854539395,0.004150391,0.002075195,0.999511719,0.004150391,0.149465388,0.149465388,FALSE,FALSE,TRUE,FALSE,FALSE,FALSE,ROI_053,ROI_053,ROI_064,ROI_064,0.039151785,0.152953108
031__039,31,39,13,0.092105138,0.085678833,0.091822841,3.61663606,0.003536315,12,1,0,1.003074366,0.004150391,0.002075195,0.973632813,0.004150391,0.149465388,0.149465388,FALSE,FALSE,TRUE,FALSE,FALSE,FALSE,ROI_031,ROI_031,ROI_039,ROI_039,0.043095158,0.138756351
080__098,80,98,13,0.089897214,0.083859291,0.098395032,3.294160364,0.006409718,11,2,0,0.9136357,0.004150391,0.002075195,0.994873047,0.004150391,0.149465388,0.149465388,FALSE,FALSE,TRUE,FALSE,FALSE,FALSE,ROI_080,ROI_080,ROI_098,ROI_098,0.040907147,0.142983122
016__058,16,58,13,0.088063448,0.073569783,0.099770934,3.182462689,0.007885067,11,2,0,0.882656339,0.004150391,0.002075195,0.998291016,0.004150391,0.149465388,0.149465388,FALSE,FALSE,TRUE,FALSE,FALSE,FALSE,ROI_016,ROI_016,ROI_058,ROI_058,0.040231327,0.144624777
002__071,2,71,13,0.085075265,0.063450439,0.09432973,3.251819236,0.006933003,10,3,0,0.901892384,0.004150391,0.002075195,0.996826172,0.004150391,0.149465388,0.149465388,FALSE,FALSE,TRUE,FALSE,FALSE,FALSE,ROI_002,ROI_002,ROI_071,ROI_071,0.038321273,0.136118771
091__098,91,98,13,0.080727252,0.07130457,0.079776272,3.648531582,0.003335518,11,2,0,1.011920592,0.004150391,0.002075195,0.968017578,0.004150391,0.149465388,0.149465388,FALSE,FALSE,TRUE,FALSE,FALSE,FALSE,ROI_091,ROI_091,ROI_098,ROI_098,0.039132392,0.121848501
039__077,39,77,13,0.076556055,0.080626697,0.072751938,3.794081465,0.002557195,11,2,0,1.052288867,0.004150391,0.002075195,0.934570313,0.004150391,0.149465388,0.149465388,FALSE,FALSE,TRUE,FALSE,FALSE,FALSE,ROI_039,ROI_039,ROI_077,ROI_077,0.038949148,0.11394572
026__058,26,58,13,0.073051218,0.049921129,0.08613505,3.057871473,0.009938276,11,2,0,0.848100953,0.004150391,0.002075195,0.999511719,0.004150391,0.149465388,0.149465388,FALSE,FALSE,TRUE,FALSE,FALSE,FALSE,ROI_026,ROI_026,ROI_058,ROI_058,0.031834561,0.121115467
060__101,60,101,13,0.096234404,0.120807042,0.092723979,3.742053363,0.002811417,11,2,0,1.037858867,0.004394531,0.002197266,0.947998047,0.004394531,0.149465388,0.149465388,FALSE,FALSE,TRUE,FALSE,FALSE,FALSE,ROI_060,ROI_060,ROI_101,ROI_101,0.04644475,0.144207754
009__095,9,95,13,0.089564394,0.106946524,0.087651616,3.68423345,0.003124543,10,3,0,1.021822509,0.004394531,0.002197266,0.961669922,0.004394531,0.149465388,0.149465388,FALSE,FALSE,TRUE,FALSE,FALSE,FALSE,ROI_009,ROI_009,ROI_095,ROI_095,0.043742173,0.135418395
018__095,18,95,13,0.084939611,0.088450317,0.088559447,3.458175615,0.004733055,10,3,0,0.959125346,0.004394531,0.002197266,0.988037109,0.004394531,0.149465388,0.149465388,FALSE,FALSE,TRUE,FALSE,FALSE,FALSE,ROI_018,ROI_018,ROI_095,ROI_095,0.040215875,0.131300296
014__048,14,48,13,0.083814722,0.087138342,0.086582655,3.490286571,0.00446099,11,2,0,0.968031323,0.004394531,0.002197266,0.985351563,0.004394531,0.149465388,0.149465388,FALSE,FALSE,TRUE,FALSE,FALSE,FALSE,ROI_014,ROI_014,ROI_048,ROI_048,0.039262278,0.12913536
059__067,59,67,13,0.082412754,0.071713882,0.084373011,3.521782729,0.004209594,10,3,0,0.976766785,0.004394531,0.002197266,0.983154297,0.004394531,0.149465388,0.149465388,FALSE,FALSE,TRUE,FALSE,FALSE,FALSE,ROI_059,ROI_059,ROI_067,ROI_067,0.038564459,0.127183185
062__075,62,75,13,0.079745636,0.076844932,0.084148382,3.416904426,0.00510769,11,2,0,0.947678778,0.004394531,0.002197266,0.990234375,0.004394531,0.149465388,0.149465388,FALSE,FALSE,TRUE,FALSE,FALSE,FALSE,ROI_062,ROI_062,ROI_075,ROI_075,0.036628447,0.124676481
025__080,25,80,13,0.0783928,0.085404459,0.084533747,3.343626313,0.005848717,10,3,0,0.927355086,0.004394531,0.002197266,0.993408203,0.004394531,0.149465388,0.149465388,FALSE,FALSE,TRUE,FALSE,FALSE,FALSE,ROI_025,ROI_025,ROI_080,ROI_080,0.036247713,0.124006946
007__013,7,13,13,0.077230649,0.087473115,0.071893265,3.873228791,0.002214884,11,2,0,1.074240385,0.004394531,0.002197266,0.915771484,0.004394531,0.149465388,0.149465388,FALSE,FALSE,TRUE,FALSE,FALSE,FALSE,ROI_007,ROI_007,ROI_013,ROI_013,0.039255623,0.114411974
013__083,13,83,13,0.075180903,0.049582622,0.093312678,2.904949318,0.01320437,11,2,0,0.805687978,0.004394531,0.002197266,1,0.004394531,0.149465388,0.149465388,FALSE,FALSE,TRUE,FALSE,FALSE,FALSE,ROI_013,ROI_013,ROI_083,ROI_083,0.03067983,0.12688836
058__063,58,63,13,0.072116439,0.055865934,0.081276334,3.199203333,0.007643832,12,1,0,0.887299358,0.004394531,0.002197266,0.998046875,0.004394531,0.149465388,0.149465388,FALSE,FALSE,TRUE,FALSE,FALSE,FALSE,ROI_058,ROI_058,ROI_063,ROI_063,0.032077304,0.115562669
013__038,13,38,13,0.072046586,0.073967287,0.069512113,3.737012841,0.002837386,10,3,0,1.036460878,0.004394531,0.002197266,0.94921875,0.004394531,0.149465388,0.149465388,FALSE,FALSE,TRUE,FALSE,FALSE,FALSE,ROI_013,ROI_013,ROI_038,ROI_038,0.035489553,0.108209358
010__080,10,80,13,0.070493053,0.084659916,0.070983569,3.580635913,0.003777855,11,2,0,0.993089722,0.004394531,0.002197266,0.976318359,0.004394531,0.149465388,0.149465388,FALSE,FALSE,TRUE,FALSE,FALSE,FALSE,ROI_010,ROI_010,ROI_080,ROI_080,0.033791207,0.108058981
053__058,53,58,13,0.069005936,0.061069812,0.07771034,3.201690271,0.007608635,10,3,0,0.887989111,0.004394531,0.002197266,0.998046875,0.004394531,0.149465388,0.149465388,FALSE,FALSE,TRUE,FALSE,FALSE,FALSE,ROI_053,ROI_053,ROI_058,ROI_058,0.030968792,0.111641841
014__026,14,26,13,0.068950066,0.065682242,0.066472949,3.739912248,0.002822418,11,2,0,1.037265029,0.004394531,0.002197266,0.948242188,0.004394531,0.149465388,0.149465388,FALSE,FALSE,TRUE,FALSE,FALSE,FALSE,ROI_014,ROI_014,ROI_026,ROI_026,0.03370236,0.102720424
017__039,17,39,13,0.068630603,0.046840746,0.074488141,3.322020869,0.006087362,11,2,0,0.921362814,0.004394531,0.002197266,0.994384766,0.004394531,0.149465388,0.149465388,FALSE,FALSE,TRUE,FALSE,FALSE,FALSE,ROI_017,ROI_017,ROI_039,ROI_039,0.031046111,0.108889125
001__014,1,14,13,0.065637256,0.047700703,0.07255781,3.261654322,0.006807727,11,2,0,0.904620146,0.004394531,0.002197266,0.996337891,0.004394531,0.149465388,0.149465388,FALSE,FALSE,TRUE,FALSE,FALSE,FALSE,ROI_001,ROI_001,ROI_014,ROI_014,0.029458043,0.1047897
028__060,28,60,13,0.055952186,0.069239672,0.055885171,3.609874874,0.003580444,11,2,0,1.00119915,0.004394531,0.002197266,0.974121094,0.004394531,0.149465388,0.149465388,FALSE,FALSE,TRUE,FALSE,FALSE,FALSE,ROI_028,ROI_028,ROI_060,ROI_060,0.026706236,0.085344059
004__014,4,14,13,0.05570129,0.068616277,0.053188388,3.775896651,0.002643253,9,4,0,1.047245307,0.004394531,0.002197266,0.939941406,0.004394531,0.149465388,0.149465388,FALSE,FALSE,TRUE,FALSE,FALSE,FALSE,ROI_004,ROI_004,ROI_014,ROI_014,0.028141075,0.083468828
009__058,9,58,13,0.100542888,0.079200414,0.113724425,3.18764011,0.007809651,11,2,0,0.884092297,0.004638672,0.002319336,0.998291016,0.004638672,0.149465388,0.149465388,FALSE,FALSE,TRUE,FALSE,FALSE,FALSE,ROI_009,ROI_009,ROI_058,ROI_058,0.044516925,0.162490766
025__075,25,75,13,0.093718336,0.125160753,0.091377832,3.697901966,0.003047433,10,3,0,1.025613473,0.004638672,0.002319336,0.959228516,0.004638672,0.149465388,0.149465388,FALSE,FALSE,TRUE,FALSE,FALSE,FALSE,ROI_025,ROI_025,ROI_075,ROI_075,0.047095286,0.141443272
033__053,33,53,13,0.0856098,0.078208181,0.102200278,3.020251332,0.010657939,11,2,0,0.837667003,0.004638672,0.002319336,0.999511719,0.004638672,0.149465388,0.149465388,FALSE,FALSE,TRUE,FALSE,FALSE,FALSE,ROI_033,ROI_033,ROI_053,ROI_053,0.037481019,0.143714438
024__042,24,42,13,0.081367068,0.06361364,0.084769093,3.46085024,0.004709763,11,2,0,0.959867154,0.004638672,0.002319336,0.988037109,0.004638672,0.149465388,0.149465388,FALSE,FALSE,TRUE,FALSE,FALSE,FALSE,ROI_024,ROI_024,ROI_042,ROI_042,0.038495971,0.12696227
007__056,7,56,13,0.078578675,0.087656679,0.075913284,3.73214581,0.002862695,11,2,0,1.035111007,0.004638672,0.002319336,0.949951172,0.004638672,0.149465388,0.149465388,FALSE,FALSE,TRUE,FALSE,FALSE,FALSE,ROI_007,ROI_007,ROI_056,ROI_056,0.037925117,0.116939188
039__081,39,81,13,0.066172019,0.032711573,0.077360645,3.084082455,0.009465839,10,3,0,0.855370572,0.004638672,0.002319336,0.999511719,0.004638672,0.149465388,0.149465388,FALSE,FALSE,TRUE,FALSE,FALSE,FALSE,ROI_039,ROI_039,ROI_081,ROI_081,0.027626389,0.107971029
053__095,53,95,13,0.066016004,0.059729494,0.071664718,3.321356645,0.006094853,12,1,0,0.921178591,0.004638672,0.002319336,0.994384766,0.004638672,0.149465388,0.149465388,FALSE,FALSE,TRUE,FALSE,FALSE,FALSE,ROI_053,ROI_053,ROI_095,ROI_095,0.029926146,0.104193995
021__060,21,60,13,0.065421323,0.049716161,0.078255667,3.0142218,0.010778036,11,2,0,0.835994712,0.004638672,0.002319336,0.999511719,0.004638672,0.149465388,0.149465388,FALSE,FALSE,TRUE,FALSE,FALSE,FALSE,ROI_021,ROI_021,ROI_060,ROI_060,0.027037771,0.107305469
006__013,6,13,13,0.065101977,0.08645672,0.062339439,3.765329314,0.002694623,11,2,0,1.044314455,0.004638672,0.002319336,0.942626953,0.004638672,0.149465388,0.149465388,FALSE,FALSE,TRUE,FALSE,FALSE,FALSE,ROI_006,ROI_006,ROI_013,ROI_013,0.032192618,0.096786738
014__021,14,21,13,0.062637181,0.058437746,0.060824682,3.712992138,0.002964564,10,3,0,1.029798734,0.004638672,0.002319336,0.956054688,0.004638672,0.149465388,0.149465388,FALSE,FALSE,TRUE,FALSE,FALSE,FALSE,ROI_014,ROI_014,ROI_021,ROI_021,0.030522344,0.093898189
009__075,9,75,13,0.093962104,0.128330278,0.08247297,4.10783296,0.001451883,10,3,0,1.139307874,0.004882813,0.002441406,0.82421875,0.004882813,0.149677998,0.149677998,FALSE,FALSE,TRUE,FALSE,FALSE,FALSE,ROI_009,ROI_009,ROI_075,ROI_075,0.050569442,0.136488749
058__064,58,64,13,0.092102451,0.093388104,0.09925605,3.345691343,0.00582641,11,2,0,0.927927822,0.004882813,0.002441406,0.993408203,0.004882813,0.149677998,0.149677998,FALSE,FALSE,TRUE,FALSE,FALSE,FALSE,ROI_058,ROI_058,ROI_064,ROI_064,0.041809508,0.145293346
053__061,53,61,13,0.086504287,0.071643515,0.089527041,3.483814945,0.004514511,10,3,0,0.966236417,0.004882813,0.002441406,0.985595703,0.004882813,0.149677998,0.149677998,FALSE,FALSE,TRUE,FALSE,FALSE,FALSE,ROI_053,ROI_053,ROI_061,ROI_061,0.041405573,0.134021035
096__102,96,102,13,0.083486041,0.088100846,0.083378266,3.610211838,0.003578231,11,2,0,1.001292608,0.004882813,0.002441406,0.974121094,0.004882813,0.149677998,0.149677998,FALSE,FALSE,TRUE,FALSE,FALSE,FALSE,ROI_096,ROI_096,ROI_102,ROI_102,0.039782387,0.126525076
048__098,48,98,13,0.079936034,0.078125237,0.083843188,3.437529928,0.004916838,10,3,0,0.953399263,0.004882813,0.002441406,0.989746094,0.004882813,0.149677998,0.149677998,FALSE,FALSE,TRUE,FALSE,FALSE,FALSE,ROI_048,ROI_048,ROI_098,ROI_098,0.036758731,0.123965029
004__013,4,13,13,0.079499079,0.068474024,0.076895902,3.727610948,0.002886485,11,2,0,1.033853262,0.004882813,0.002441406,0.952880859,0.004882813,0.149677998,0.149677998,FALSE,FALSE,TRUE,FALSE,FALSE,FALSE,ROI_004,ROI_004,ROI_013,ROI_013,0.038560228,0.118842523
041__080,41,80,13,0.07918793,0.09158715,0.081235276,3.514681731,0.004264983,10,3,0,0.974797323,0.004882813,0.002441406,0.983886719,0.004882813,0.149677998,0.149677998,FALSE,FALSE,TRUE,FALSE,FALSE,FALSE,ROI_041,ROI_041,ROI_080,ROI_080,0.037007686,0.121819704
063__080,63,80,13,0.07756673,0.077720989,0.086309017,3.240343023,0.007082131,10,3,0,0.898709455,0.004882813,0.002441406,0.996826172,0.004882813,0.149677998,0.149677998,FALSE,FALSE,TRUE,FALSE,FALSE,FALSE,ROI_063,ROI_063,ROI_080,ROI_080,0.035075,0.124781131
056__081,56,81,13,0.058480748,0.06533808,0.057281434,3.681041531,0.003142836,11,2,0,1.02093723,0.004882813,0.002441406,0.962158203,0.004882813,0.149677998,0.149677998,FALSE,FALSE,TRUE,FALSE,FALSE,FALSE,ROI_056,ROI_056,ROI_081,ROI_081,0.027834602,0.08724144
013__031,13,31,13,0.07713916,0.065378326,0.082197552,3.383667619,0.005431207,10,3,0,0.938460546,0.005126953,0.002563477,0.991210938,0.005126953,0.152224875,0.152224875,FALSE,FALSE,TRUE,FALSE,FALSE,FALSE,ROI_013,ROI_013,ROI_031,ROI_031,0.035728884,0.120787272
014__062,14,62,13,0.073756807,0.060952913,0.080982096,3.283861029,0.006533211,11,2,0,0.910779178,0.005126953,0.002563477,0.995361328,0.005126953,0.152224875,0.152224875,FALSE,FALSE,TRUE,FALSE,FALSE,FALSE,ROI_014,ROI_014,ROI_062,ROI_062,0.033127585,0.117693346
012__016,12,16,13,0.070558424,0.092954768,0.072284643,3.519447653,0.004227727,11,2,0,0.976119152,0.005126953,0.002563477,0.983398438,0.005126953,0.152224875,0.152224875,FALSE,FALSE,TRUE,FALSE,FALSE,FALSE,ROI_012,ROI_012,ROI_016,ROI_016,0.0325733,0.108131524
027__047,27,47,13,0.064036954,0.047294735,0.069453133,3.324378807,0.006060845,11,2,0,0.922016788,0.005126953,0.002563477,0.994384766,0.005126953,0.152224875,0.152224875,FALSE,FALSE,TRUE,FALSE,FALSE,FALSE,ROI_027,ROI_027,ROI_047,ROI_047,0.029692464,0.101263185
019__066,19,66,13,0.063048205,0.069107241,0.059459017,3.823196992,0.002425354,11,2,0,1.060364061,0.005126953,0.002563477,0.927734375,0.005126953,0.152224875,0.152224875,FALSE,FALSE,TRUE,FALSE,FALSE,FALSE,ROI_019,ROI_019,ROI_066,ROI_066,0.029052923,0.090802768
022__060,22,60,13,0.061777979,0.047343354,0.077423324,2.876958274,0.013908936,11,2,0,0.797924659,0.005126953,0.002563477,1,0.005126953,0.152224875,0.152224875,FALSE,FALSE,TRUE,FALSE,FALSE,FALSE,ROI_022,ROI_022,ROI_060,ROI_060,0.024553122,0.105693817
014__059,14,59,13,0.080781939,0.063844423,0.084801327,3.434656462,0.004942986,11,2,0,0.952602307,0.005371094,0.002685547,0.989746094,0.005371094,0.153155031,0.153155031,FALSE,FALSE,TRUE,FALSE,FALSE,FALSE,ROI_014,ROI_014,ROI_059,ROI_059,0.037161498,0.125747102
019__060,19,60,13,0.078728855,0.047560837,0.094818545,2.993727894,0.011196444,10,3,0,0.830310725,0.005371094,0.002685547,0.999755859,0.005371094,0.153155031,0.153155031,FALSE,FALSE,TRUE,FALSE,FALSE,FALSE,ROI_019,ROI_019,ROI_060,ROI_060,0.032010619,0.13063561
014__080,14,80,13,0.078309418,0.066627701,0.080367547,3.51321687,0.004276501,11,2,0,0.974391044,0.005371094,0.002685547,0.984130859,0.005371094,0.153155031,0.153155031,FALSE,FALSE,TRUE,FALSE,FALSE,FALSE,ROI_014,ROI_014,ROI_080,ROI_080,0.036362968,0.120324773
040__084,40,84,13,0.068729752,0.084556519,0.068137688,3.636880731,0.003407478,10,3,0,1.008689227,0.005371094,0.002685547,0.971191406,0.005371094,0.153155031,0.153155031,FALSE,FALSE,TRUE,FALSE,FALSE,FALSE,ROI_040,ROI_040,ROI_084,ROI_084,0.03233296,0.103480675
002__056,2,56,13,0.068271451,0.065069225,0.068838002,3.575876867,0.003811023,12,1,0,0.9917698,0.005371094,0.002685547,0.976806641,0.005371094,0.153155031,0.153155031,FALSE,FALSE,TRUE,FALSE,FALSE,FALSE,ROI_002,ROI_002,ROI_056,ROI_056,0.03152439,0.103007455
059__092,59,92,13,0.057942418,0.05362779,0.060543951,3.450623186,0.00479946,12,1,0,0.957030679,0.005371094,0.002685547,0.988525391,0.005371094,0.153155031,0.153155031,FALSE,FALSE,TRUE,FALSE,FALSE,FALSE,ROI_059,ROI_059,ROI_092,ROI_092,0.025773064,0.090119963
012__019,12,19,13,0.057093914,0.03517349,0.069184962,2.975430373,0.011583702,11,2,0,0.825235906,0.005371094,0.002685547,0.999755859,0.005371094,0.153155031,0.153155031,FALSE,FALSE,TRUE,FALSE,FALSE,FALSE,ROI_012,ROI_012,ROI_019,ROI_019,0.02400356,0.095356638
050__056,50,56,13,0.08847733,0.085024878,0.103242413,3.08990793,0.009363936,12,1,0,0.856986268,0.005615234,0.002807617,0.999511719,0.005615234,0.153155031,0.153155031,FALSE,FALSE,TRUE,FALSE,FALSE,FALSE,ROI_050,ROI_050,ROI_056,ROI_056,0.037695197,0.145556404
058__103,58,103,13,0.084100587,0.056688507,0.098167484,3.088894286,0.009381588,11,2,0,0.856705133,0.005615234,0.002807617,0.999511719,0.005615234,0.153155031,0.153155031,FALSE,FALSE,TRUE,FALSE,FALSE,FALSE,ROI_058,ROI_058,ROI_103,ROI_103,0.036096747,0.137833478
066__092,66,92,13,0.080268693,0.091291811,0.082072528,3.52630651,0.004174691,11,2,0,0.978021457,0.005615234,0.002807617,0.982910156,0.005615234,0.153155031,0.153155031,FALSE,FALSE,TRUE,FALSE,FALSE,FALSE,ROI_066,ROI_066,ROI_092,ROI_092,0.035570852,0.122252574
057__091,57,91,13,0.077176405,0.062904709,0.088964699,3.127796627,0.008727503,10,3,0,0.867494701,0.005615234,0.002807617,0.999511719,0.005615234,0.153155031,0.153155031,FALSE,FALSE,TRUE,FALSE,FALSE,FALSE,ROI_057,ROI_057,ROI_091,ROI_091,0.033668931,0.126156307
060__063,60,63,13,0.07502142,0.073000151,0.083067592,3.256306927,0.006875554,11,2,0,0.903137046,0.005615234,0.002807617,0.996337891,0.005615234,0.153155031,0.153155031,FALSE,FALSE,TRUE,FALSE,FALSE,FALSE,ROI_060,ROI_060,ROI_063,ROI_063,0.032569618,0.120232534
038__063,38,63,13,0.070175101,0.079831719,0.071785332,3.524674456,0.004187249,9,4,0,0.977568806,0.005615234,0.002807617,0.982910156,0.005615234,0.153155031,0.153155031,FALSE,FALSE,TRUE,FALSE,FALSE,FALSE,ROI_038,ROI_038,ROI_063,ROI_063,0.031903288,0.10841087
031__038,31,38,13,0.069096934,0.066426805,0.069567896,3.581142346,0.003774343,11,2,0,0.993230181,0.005615234,0.002807617,0.976318359,0.005615234,0.153155031,0.153155031,FALSE,FALSE,TRUE,FALSE,FALSE,FALSE,ROI_031,ROI_031,ROI_038,ROI_038,0.03239979,0.104606702
057__081,57,81,13,0.066600815,0.057671447,0.080754534,2.973612022,0.01162291,10,3,0,0.824731586,0.005615234,0.002807617,0.999755859,0.005615234,0.153155031,0.153155031,FALSE,FALSE,TRUE,FALSE,FALSE,FALSE,ROI_057,ROI_057,ROI_081,ROI_081,0.027563272,0.112415839
076__098,76,98,13,0.064611396,0.049934912,0.0713352,3.26570471,0.006756802,11,2,0,0.905743522,0.005615234,0.002807617,0.99609375,0.005615234,0.153155031,0.153155031,FALSE,FALSE,TRUE,FALSE,FALSE,FALSE,ROI_076,ROI_076,ROI_098,ROI_098,0.028100276,0.10298861
075__094,75,94,13,0.1049461,0.089607818,0.104279338,3.628605152,0.003459553,12,1,0,1.006393995,0.005859375,0.002929688,0.971923828,0.005859375,0.153155031,0.153155031,FALSE,FALSE,TRUE,FALSE,FALSE,FALSE,ROI_075,ROI_075,ROI_094,ROI_094,0.048718884,0.158449274
013__056,13,56,13,0.095431594,0.110539538,0.091213339,3.772293682,0.002660654,10,3,0,1.046246023,0.005859375,0.002929688,0.940917969,0.005859375,0.153155031,0.153155031,FALSE,FALSE,TRUE,FALSE,FALSE,FALSE,ROI_013,ROI_013,ROI_056,ROI_056,0.047309728,0.14165817
052__071,52,71,13,0.08669954,0.050825244,0.100783152,3.101705303,0.009160927,10,3,0,0.86025827,0.005859375,0.002929688,0.999511719,0.005859375,0.153155031,0.153155031,FALSE,FALSE,TRUE,FALSE,FALSE,FALSE,ROI_052,ROI_052,ROI_071,ROI_071,0.037193509,0.141584207
013__099,13,99,13,0.083320111,0.09018554,0.085536736,3.512115925,0.004285179,11,2,0,0.974085696,0.005859375,0.002929688,0.984130859,0.005859375,0.153155031,0.153155031,FALSE,FALSE,TRUE,FALSE,FALSE,FALSE,ROI_013,ROI_013,ROI_099,ROI_099,0.037365454,0.126640802
009__066,9,66,13,0.075202931,0.046781186,0.082608395,3.282330129,0.006551772,11,2,0,0.910354583,0.005859375,0.002929688,0.995361328,0.005859375,0.153155031,0.153155031,FALSE,FALSE,TRUE,FALSE,FALSE,FALSE,ROI_009,ROI_009,ROI_066,ROI_066,0.033074483,0.119463593
004__091,4,91,13,0.073409897,0.058692316,0.08596864,3.078833709,0.009558606,11,2,0,0.853914831,0.005859375,0.002929688,0.999511719,0.005859375,0.153155031,0.153155031,FALSE,FALSE,TRUE,FALSE,FALSE,FALSE,ROI_004,ROI_004,ROI_091,ROI_091,0.03012375,0.119741842
015__053,15,53,13,0.072197474,0.053167886,0.076218944,3.415314855,0.005122707,10,3,0,0.94723791,0.005859375,0.002929688,0.990234375,0.005859375,0.153155031,0.153155031,FALSE,FALSE,TRUE,FALSE,FALSE,FALSE,ROI_015,ROI_015,ROI_053,ROI_053,0.033032734,0.112359586
028__075,28,75,13,0.06261691,0.068316763,0.069840151,3.232645939,0.007183961,10,3,0,0.896574668,0.005859375,0.002929688,0.996826172,0.005859375,0.153155031,0.153155031,FALSE,FALSE,TRUE,FALSE,FALSE,FALSE,ROI_028,ROI_028,ROI_075,ROI_075,0.027516751,0.100271262
006__025,6,25,13,0.060383392,0.081332788,0.0604307,3.602728683,0.003627698,11,2,0,0.999217154,0.005859375,0.002929688,0.974365234,0.005859375,0.153155031,0.153155031,FALSE,FALSE,TRUE,FALSE,FALSE,FALSE,ROI_006,ROI_006,ROI_025,ROI_025,0.027760729,0.090083213
056__060,56,60,13,0.094445225,0.079230883,0.102556851,3.320374003,0.006105953,12,1,0,0.920906055,0.006103516,0.003051758,0.994384766,0.006103516,0.153155031,0.153155031,FALSE,FALSE,TRUE,FALSE,FALSE,FALSE,ROI_056,ROI_056,ROI_060,ROI_060,0.040918319,0.147463979
057__075,57,75,13,0.090812744,0.097419235,0.098837448,3.31281323,0.006192041,10,3,0,0.918809074,0.006103516,0.003051758,0.994873047,0.006103516,0.153155031,0.153155031,FALSE,FALSE,TRUE,FALSE,FALSE,FALSE,ROI_057,ROI_057,ROI_075,ROI_075,0.041023023,0.144157016
060__100,60,100,13,0.077229668,0.088431581,0.08692261,3.203487883,0.007583295,10,3,0,0.888487679,0.006103516,0.003051758,0.998046875,0.006103516,0.153155031,0.153155031,FALSE,FALSE,TRUE,FALSE,FALSE,FALSE,ROI_060,ROI_060,ROI_100,ROI_100,0.033217763,0.12422655
042__053,42,53,13,0.072469773,0.047621229,0.086601443,3.017195485,0.010718637,11,2,0,0.836819464,0.006103516,0.003051758,0.999511719,0.006103516,0.153155031,0.153155031,FALSE,FALSE,TRUE,FALSE,FALSE,FALSE,ROI_042,ROI_042,ROI_053,ROI_053,0.029758819,0.119823135
004__062,4,62,13,0.071838356,0.060282212,0.080580225,3.214397526,0.007431325,10,3,0,0.891513469,0.006103516,0.003051758,0.997802734,0.006103516,0.153155031,0.153155031,FALSE,FALSE,TRUE,FALSE,FALSE,FALSE,ROI_004,ROI_004,ROI_062,ROI_062,0.031340502,0.114533091
009__098,9,98,13,0.071613493,0.052699066,0.073614706,3.507534515,0.004321482,12,1,0,0.972815042,0.006103516,0.003051758,0.984375,0.006103516,0.153155031,0.153155031,FALSE,FALSE,TRUE,FALSE,FALSE,FALSE,ROI_009,ROI_009,ROI_098,ROI_098,0.031868943,0.108941165
036__074,36,74,13,0.062903754,0.052930447,0.087299315,2.59798958,0.023312133,11,2,0,0.720552665,0.006103516,0.003051758,1,0.006103516,0.153155031,0.153155031,FALSE,FALSE,TRUE,FALSE,FALSE,FALSE,ROI_036,ROI_036,ROI_074,ROI_074,0.02378715,0.113569489
001__060,1,60,13,0.060686274,0.056186781,0.072493523,3.018303745,0.010696584,11,2,0,0.83712684,0.006103516,0.003051758,0.999511719,0.006103516,0.153155031,0.153155031,FALSE,FALSE,TRUE,FALSE,FALSE,FALSE,ROI_001,ROI_001,ROI_060,ROI_060,0.024732221,0.100189976
092__098,92,98,13,0.054565039,0.05802337,0.058152757,3.383107764,0.005436831,12,1,0,0.93830527,0.006103516,0.003051758,0.991455078,0.006103516,0.153155031,0.153155031,FALSE,FALSE,TRUE,FALSE,FALSE,FALSE,ROI_092,ROI_092,ROI_098,ROI_098,0.023049403,0.083735213
033__106,33,106,13,0.047828459,0.04274575,0.052833322,3.263999929,0.006778189,12,1,0,0.9052707,0.006103516,0.003051758,0.99609375,0.006103516,0.153155031,0.153155031,FALSE,FALSE,TRUE,FALSE,FALSE,FALSE,ROI_033,ROI_033,ROI_106,ROI_106,0.020377946,0.075646953
008__075,8,75,13,0.098565687,0.104115438,0.101762252,3.492293363,0.004444525,11,2,0,0.968587907,0.006347656,0.003173828,0.985351563,0.006347656,0.155758667,0.155758667,FALSE,FALSE,TRUE,FALSE,FALSE,FALSE,ROI_008,ROI_008,ROI_075,ROI_075,0.043927012,0.14915051
018__047,18,47,13,0.085377817,0.079844949,0.09984682,3.083063597,0.009483776,10,3,0,0.855087991,0.006347656,0.003173828,0.999511719,0.006347656,0.155758667,0.155758667,FALSE,FALSE,TRUE,FALSE,FALSE,FALSE,ROI_018,ROI_018,ROI_047,ROI_047,0.035602668,0.139579497
058__091,58,91,13,0.081231165,0.085753134,0.10264928,2.853240953,0.01453507,9,4,0,0.791346658,0.006347656,0.003173828,1,0.006347656,0.155758667,0.155758667,FALSE,FALSE,TRUE,FALSE,FALSE,FALSE,ROI_058,ROI_058,ROI_091,ROI_091,0.031804034,0.137548053
033__096,33,96,13,0.065566783,0.077266429,0.067568751,3.498723848,0.004392182,10,3,0,0.970371402,0.006347656,0.003173828,0.984863281,0.006347656,0.155758667,0.155758667,FALSE,FALSE,TRUE,FALSE,FALSE,FALSE,ROI_033,ROI_033,ROI_096,ROI_096,0.030696059,0.100827803
060__074,60,74,13,0.065260864,0.063010016,0.071388218,3.296081582,0.006386945,12,1,0,0.91416855,0.006347656,0.003173828,0.994873047,0.006347656,0.155758667,0.155758667,FALSE,FALSE,TRUE,FALSE,FALSE,FALSE,ROI_060,ROI_060,ROI_074,ROI_074,0.027355202,0.101254401
017__095,17,95,13,0.096598632,0.120718955,0.100286515,3.472962634,0.004605732,10,3,0,0.963226527,0.006591797,0.003295898,0.986816406,0.006591797,0.155758667,0.155758667,FALSE,FALSE,TRUE,FALSE,FALSE,FALSE,ROI_017,ROI_017,ROI_095,ROI_095,0.042559121,0.147287699
038__101,38,101,13,0.078101808,0.080398333,0.082472312,3.414480153,0.005130611,11,2,0,0.947006405,0.006591797,0.003295898,0.990234375,0.006591797,0.155758667,0.155758667,FALSE,FALSE,TRUE,FALSE,FALSE,FALSE,ROI_038,ROI_038,ROI_101,ROI_101,0.035082226,0.120479413
004__071,4,71,13,0.07629579,0.097867948,0.07778867,3.536355365,0.004098211,10,3,0,0.980808507,0.006591797,0.003295898,0.982177734,0.006591797,0.155758667,0.155758667,FALSE,FALSE,TRUE,FALSE,FALSE,FALSE,ROI_004,ROI_004,ROI_071,ROI_071,0.034337419,0.114550489
021__041,21,41,13,0.067249827,0.08365284,0.072172948,3.359606401,0.005678324,11,2,0,0.931787165,0.006591797,0.003295898,0.992431641,0.006591797,0.155758667,0.155758667,FALSE,FALSE,TRUE,FALSE,FALSE,FALSE,ROI_021,ROI_021,ROI_041,ROI_041,0.028752371,0.104194066
061__063,61,63,13,0.062745704,0.061677895,0.077924885,2.903217047,0.013246924,11,2,0,0.805207533,0.006591797,0.003295898,1,0.006591797,0.155758667,0.155758667,FALSE,FALSE,TRUE,FALSE,FALSE,FALSE,ROI_061,ROI_061,ROI_063,ROI_063,0.024454188,0.106191476
058__078,58,78,13,0.060956329,0.057270799,0.069528981,3.161000876,0.008205587,10,3,0,0.876703903,0.006591797,0.003295898,0.999267578,0.006591797,0.155758667,0.155758667,FALSE,FALSE,TRUE,FALSE,FALSE,FALSE,ROI_058,ROI_058,ROI_078,ROI_078,0.025632812,0.098830454
017__093,17,93,13,0.058733552,0.055788621,0.069398872,3.051444861,0.010057675,11,2,0,0.846318531,0.006591797,0.003295898,0.999511719,0.006591797,0.155758667,0.155758667,FALSE,FALSE,TRUE,FALSE,FALSE,FALSE,ROI_017,ROI_017,ROI_093,ROI_093,0.024431872,0.096307993
013__078,13,78,13,0.054523593,0.041836359,0.060621255,3.242882544,0.007048854,11,2,0,0.899413792,0.006591797,0.003295898,0.996826172,0.006591797,0.155758667,0.155758667,FALSE,FALSE,TRUE,FALSE,FALSE,FALSE,ROI_013,ROI_013,ROI_078,ROI_078,0.023294581,0.086432082
014__056,14,56,13,0.039337179,0.039442258,0.041264704,3.437131563,0.004920454,10,3,0,0.953288776,0.006591797,0.003295898,0.989746094,0.006591797,0.155758667,0.155758667,FALSE,FALSE,TRUE,FALSE,FALSE,FALSE,ROI_014,ROI_014,ROI_056,ROI_056,0.017181034,0.060238593
047__064,47,64,13,0.100344665,0.063977542,0.121428556,2.979511981,0.011496174,10,3,0,0.82636794,0.006835938,0.003417969,0.999755859,0.006835938,0.156949804,0.156949804,FALSE,FALSE,TRUE,FALSE,FALSE,FALSE,ROI_047,ROI_047,ROI_064,ROI_064,0.042338434,0.167066522
039__101,39,101,13,0.089110836,0.090226468,0.097763067,3.28645262,0.006501912,10,3,0,0.911497957,0.006835938,0.003417969,0.995361328,0.006835938,0.156949804,0.156949804,FALSE,FALSE,TRUE,FALSE,FALSE,FALSE,ROI_039,ROI_039,ROI_101,ROI_101,0.038863319,0.141174809
014__052,14,52,13,0.073484378,0.069324296,0.085276408,3.106975307,0.009071674,10,3,0,0.861719906,0.006835938,0.003417969,0.999511719,0.006835938,0.156949804,0.156949804,FALSE,FALSE,TRUE,FALSE,FALSE,FALSE,ROI_014,ROI_014,ROI_052,ROI_052,0.030964148,0.11958532
065__101,65,101,13,0.068080701,0.061630042,0.088504644,2.773509378,0.016851932,10,3,0,0.769233098,0.006835938,0.003417969,1,0.006835938,0.156949804,0.156949804,FALSE,FALSE,TRUE,FALSE,FALSE,FALSE,ROI_065,ROI_065,ROI_101,ROI_101,0.026034508,0.117957552
019__058,19,58,13,0.063545806,0.069068351,0.068057865,3.366512616,0.00560625,10,3,0,0.933702604,0.006835938,0.003417969,0.9921875,0.006835938,0.156949804,0.156949804,FALSE,FALSE,TRUE,FALSE,FALSE,FALSE,ROI_019,ROI_019,ROI_058,ROI_058,0.028576807,0.098847858
018__068,18,68,13,0.059069655,0.053669059,0.07773435,2.739826989,0.017937101,9,4,0,0.759891284,0.006835938,0.003417969,1,0.006835938,0.156949804,0.156949804,FALSE,FALSE,TRUE,FALSE,FALSE,FALSE,ROI_018,ROI_018,ROI_068,ROI_068,0.022027892,0.102911497
012__045,12,45,13,0.056168868,0.023023841,0.065528832,3.090543922,0.009352877,11,2,0,0.85716266,0.006835938,0.003417969,0.999511719,0.006835938,0.156949804,0.156949804,FALSE,FALSE,TRUE,FALSE,FALSE,FALSE,ROI_012,ROI_012,ROI_045,ROI_045,0.023670561,0.091169242
053__060,53,60,13,0.082206866,0.080969663,0.090766077,3.265548977,0.006758752,12,1,0,0.905700329,0.007080078,0.003540039,0.99609375,0.007080078,0.157455384,0.157455384,FALSE,FALSE,TRUE,FALSE,FALSE,FALSE,ROI_053,ROI_053,ROI_060,ROI_060,0.033986486,0.128791482
004__042,4,42,13,0.081925274,0.067766648,0.088530269,3.336551206,0.005925804,10,3,0,0.925392804,0.007080078,0.003540039,0.993652344,0.007080078,0.157455384,0.157455384,FALSE,FALSE,TRUE,FALSE,FALSE,FALSE,ROI_004,ROI_004,ROI_042,ROI_042,0.036427137,0.128656753
013__102,13,102,13,0.078712487,0.10631111,0.091042002,3.117263488,0.008899942,10,3,0,0.864573334,0.007080078,0.003540039,0.999511719,0.007080078,0.157455384,0.157455384,FALSE,FALSE,TRUE,FALSE,FALSE,FALSE,ROI_013,ROI_013,ROI_102,ROI_102,0.031365215,0.126185046
042__059,42,59,13,0.077336704,0.088595251,0.090739448,3.072990381,0.009662955,10,3,0,0.852294184,0.007080078,0.003540039,0.999511719,0.007080078,0.157455384,0.157455384,FALSE,FALSE,TRUE,FALSE,FALSE,FALSE,ROI_042,ROI_042,ROI_059,ROI_059,0.032152938,0.125989251
064__098,64,98,13,0.073202667,0.077271521,0.081709492,3.230175128,0.007216961,10,3,0,0.895889389,0.007080078,0.003540039,0.996826172,0.007080078,0.157455384,0.157455384,FALSE,FALSE,TRUE,FALSE,FALSE,FALSE,ROI_064,ROI_064,ROI_098,ROI_098,0.030904769,0.116339803
010__063,10,63,13,0.065516053,0.046272231,0.077154194,3.061680479,0.00986818,11,2,0,0.849157381,0.007080078,0.003540039,0.999511719,0.007080078,0.157455384,0.157455384,FALSE,FALSE,TRUE,FALSE,FALSE,FALSE,ROI_010,ROI_010,ROI_063,ROI_063,0.026778615,0.106697039
047__048,47,48,13,0.055114855,0.05154179,0.06899968,2.880005195,0.013830464,11,2,0,0.798769723,0.007080078,0.003540039,1,0.007080078,0.157455384,0.157455384,FALSE,FALSE,TRUE,FALSE,FALSE,FALSE,ROI_047,ROI_047,ROI_048,ROI_048,0.021948938,0.094229969
009__039,9,39,13,0.054300956,0.052779544,0.06141476,3.187912467,0.007805704,10,3,0,0.884167835,0.007080078,0.003540039,0.998291016,0.007080078,0.157455384,0.157455384,FALSE,FALSE,TRUE,FALSE,FALSE,FALSE,ROI_009,ROI_009,ROI_039,ROI_039,0.02322272,0.086903195
007__047,7,47,13,0.091853285,0.093265746,0.096929126,3.416741097,0.005109231,11,2,0,0.947633478,0.007324219,0.003662109,0.990234375,0.007324219,0.158532994,0.158532994,FALSE,FALSE,TRUE,FALSE,FALSE,FALSE,ROI_007,ROI_007,ROI_047,ROI_047,0.040878675,0.141814807
013__095,13,95,13,0.083148321,0.06011096,0.092659549,3.235452128,0.007146666,9,4,0,0.897352965,0.007324219,0.003662109,0.996826172,0.007324219,0.158532994,0.158532994,FALSE,FALSE,TRUE,FALSE,FALSE,FALSE,ROI_013,ROI_013,ROI_095,ROI_095,0.036645591,0.133738905
013__085,13,85,13,0.068245282,0.071374547,0.078223222,3.145637023,0.008443061,11,2,0,0.872442737,0.007324219,0.003662109,0.999267578,0.007324219,0.158532994,0.158532994,FALSE,FALSE,TRUE,FALSE,FALSE,FALSE,ROI_013,ROI_013,ROI_085,ROI_085,0.029068294,0.109737464
066__098,66,98,13,0.068118315,0.08992749,0.069577917,3.529914239,0.004147067,11,2,0,0.979022061,0.007324219,0.003662109,0.982421875,0.007324219,0.158532994,0.158532994,FALSE,FALSE,TRUE,FALSE,FALSE,FALSE,ROI_066,ROI_066,ROI_098,ROI_098,0.029066113,0.102227763
063__074,63,74,13,0.067403975,0.076423291,0.072114934,3.370016098,0.005570043,10,3,0,0.934674295,0.007324219,0.003662109,0.991943359,0.007324219,0.158532994,0.158532994,FALSE,FALSE,TRUE,FALSE,FALSE,FALSE,ROI_063,ROI_063,ROI_074,ROI_074,0.029553657,0.104524114
039__106,39,106,13,0.064861394,0.072831488,0.071944904,3.250558011,0.006949236,9,4,0,0.901542583,0.007324219,0.003662109,0.996826172,0.007324219,0.158532994,0.158532994,FALSE,FALSE,TRUE,FALSE,FALSE,FALSE,ROI_039,ROI_039,ROI_106,ROI_106,0.028545939,0.103315386
031__094,31,94,13,0.057591789,0.056701147,0.059349985,3.498739689,0.004392054,10,3,0,0.970375796,0.007324219,0.003662109,0.984863281,0.007324219,0.158532994,0.158532994,FALSE,FALSE,TRUE,FALSE,FALSE,FALSE,ROI_031,ROI_031,ROI_094,ROI_094,0.026986661,0.088253951
008__080,8,80,13,0.093653174,0.114459323,0.096431097,3.501684968,0.004368291,12,1,0,0.971192669,0.007568359,0.00378418,0.984863281,0.007568359,0.158798163,0.158798163,FALSE,FALSE,TRUE,FALSE,FALSE,FALSE,ROI_008,ROI_008,ROI_080,ROI_080,0.03842379,0.139843448
060__099,60,99,13,0.091624472,0.077504538,0.099809316,3.309878753,0.006225784,12,1,0,0.917995197,0.007568359,0.00378418,0.994873047,0.007568359,0.158798163,0.158798163,FALSE,FALSE,TRUE,FALSE,FALSE,FALSE,ROI_060,ROI_060,ROI_099,ROI_099,0.039226201,0.142918678
047__066,47,66,13,0.08048058,0.096560926,0.085841789,3.380368235,0.005464437,10,3,0,0.937545462,0.007568359,0.00378418,0.991455078,0.007568359,0.158798163,0.158798163,FALSE,FALSE,TRUE,FALSE,FALSE,FALSE,ROI_047,ROI_047,ROI_066,ROI_066,0.035048535,0.123710799
045__098,45,98,13,0.07505314,0.086640764,0.081692132,3.312533758,0.006195247,11,2,0,0.918731563,0.007568359,0.00378418,0.994873047,0.007568359,0.158798163,0.158798163,FALSE,FALSE,TRUE,FALSE,FALSE,FALSE,ROI_045,ROI_045,ROI_098,ROI_098,0.032728509,0.117914821
014__099,14,99,13,0.074214388,0.081520131,0.078307708,3.417081004,0.005106024,9,4,0,0.947727752,0.007568359,0.00378418,0.990234375,0.007568359,0.158798163,0.158798163,FALSE,FALSE,TRUE,FALSE,FALSE,FALSE,ROI_014,ROI_014,ROI_099,ROI_099,0.03370712,0.115823258
013__030,13,30,13,0.07359389,0.073357774,0.083015226,3.196359983,0.007684274,10,3,0,0.886510755,0.007568359,0.00378418,0.998046875,0.007568359,0.158798163,0.158798163,FALSE,FALSE,TRUE,FALSE,FALSE,FALSE,ROI_013,ROI_013,ROI_030,ROI_030,0.031753606,0.117912761
031__056,31,56,13,0.0697294,0.060670419,0.078802791,3.19040638,0.007769655,10,3,0,0.884859523,0.007568359,0.00378418,0.998291016,0.007568359,0.158798163,0.158798163,FALSE,FALSE,TRUE,FALSE,FALSE,FALSE,ROI_031,ROI_031,ROI_056,ROI_056,0.029362977,0.11157461
004__074,4,74,13,0.068121018,0.081771643,0.073405521,3.345985661,0.005823237,11,2,0,0.928009451,0.007568359,0.00378418,0.993408203,0.007568359,0.158798163,0.158798163,FALSE,FALSE,TRUE,FALSE,FALSE,FALSE,ROI_004,ROI_004,ROI_074,ROI_074,0.029514116,0.10629708
063__098,63,98,13,0.081443027,0.061346609,0.096230533,3.051495216,0.010056734,11,2,0,0.846332498,0.0078125,0.00390625,0.999511719,0.0078125,0.158798163,0.158798163,FALSE,FALSE,TRUE,FALSE,FALSE,FALSE,ROI_063,ROI_063,ROI_098,ROI_098,0.032958345,0.133928434
026__091,26,91,13,0.075428015,0.071513041,0.081438011,3.3394673,0.005893908,10,3,0,0.926201583,0.0078125,0.00390625,0.993408203,0.0078125,0.158798163,0.158798163,FALSE,FALSE,TRUE,FALSE,FALSE,FALSE,ROI_026,ROI_026,ROI_091,ROI_091,0.033424842,0.117436543
047__077,47,77,13,0.075374388,0.084980502,0.085526179,3.177579333,0.007956871,10,3,0,0.88130194,0.0078125,0.00390625,0.998779297,0.0078125,0.158798163,0.158798163,FALSE,FALSE,TRUE,FALSE,FALSE,FALSE,ROI_047,ROI_047,ROI_077,ROI_077,0.032537412,0.121480124
080__091,80,91,13,0.075040811,0.055985182,0.087298589,3.099288235,0.009202157,10,3,0,0.859587896,0.0078125,0.00390625,0.999511719,0.0078125,0.158798163,0.158798163,FALSE,FALSE,TRUE,FALSE,FALSE,FALSE,ROI_080,ROI_080,ROI_091,ROI_091,0.030675136,0.121972156
018__060,18,60,13,0.070186932,0.051340897,0.085023267,2.97639213,0.011563018,10,3,0,0.825502649,0.0078125,0.00390625,0.999755859,0.0078125,0.158798163,0.158798163,FALSE,FALSE,TRUE,FALSE,FALSE,FALSE,ROI_018,ROI_018,ROI_060,ROI_060,0.028106733,0.11603228
010__067,10,67,13,0.068334856,0.067698737,0.07612684,3.236504083,0.007132735,10,3,0,0.897644725,0.0078125,0.00390625,0.996826172,0.0078125,0.158798163,0.158798163,FALSE,FALSE,TRUE,FALSE,FALSE,FALSE,ROI_010,ROI_010,ROI_067,ROI_067,0.028791077,0.108645569
038__045,38,45,13,0.067623863,0.076227554,0.074325196,3.280466369,0.00657444,12,1,0,0.909837669,0.0078125,0.00390625,0.995361328,0.0078125,0.158798163,0.158798163,FALSE,FALSE,TRUE,FALSE,FALSE,FALSE,ROI_038,ROI_038,ROI_045,ROI_045,0.027045198,0.105009354
014__036,14,36,13,0.066464164,0.051278642,0.083903389,2.856141502,0.014457019,11,2,0,0.792151126,0.0078125,0.00390625,1,0.0078125,0.158798163,0.158798163,FALSE,FALSE,TRUE,FALSE,FALSE,FALSE,ROI_014,ROI_014,ROI_036,ROI_036,0.024955887,0.112398624
015__049,15,49,13,0.055677727,0.036897958,0.065124529,3.082538936,0.009493025,11,2,0,0.854942476,0.0078125,0.00390625,0.999511719,0.0078125,0.158798163,0.158798163,FALSE,FALSE,TRUE,FALSE,FALSE,FALSE,ROI_015,ROI_015,ROI_049,ROI_049,0.022869979,0.090560412
056__058,56,58,13,0.101023462,0.067534787,0.124489738,2.925905996,0.01270021,12,1,0,0.811500315,0.008056641,0.00402832,0.999755859,0.008056641,0.159627183,0.159627183,FALSE,FALSE,TRUE,FALSE,FALSE,FALSE,ROI_056,ROI_056,ROI_058,ROI_058,0.03920297,0.169227952
013__075,13,75,13,0.095543793,0.088772592,0.102994039,3.344737681,0.005836701,10,3,0,0.927663324,0.008056641,0.00402832,0.993408203,0.008056641,0.159627183,0.159627183,FALSE,FALSE,TRUE,FALSE,FALSE,FALSE,ROI_013,ROI_013,ROI_075,ROI_075,0.041782774,0.149249557
013__074,13,74,13,0.070670304,0.059022193,0.086612633,2.94189654,0.012328455,10,3,0,0.815935294,0.008056641,0.00402832,0.999755859,0.008056641,0.159627183,0.159627183,FALSE,FALSE,TRUE,FALSE,FALSE,FALSE,ROI_013,ROI_013,ROI_074,ROI_074,0.027557153,0.117863547
058__107,58,107,13,0.070552626,0.054400363,0.084380348,3.014696149,0.010768539,10,3,0,0.836126273,0.008056641,0.00402832,0.999511719,0.008056641,0.159627183,0.159627183,FALSE,FALSE,TRUE,FALSE,FALSE,FALSE,ROI_058,ROI_058,ROI_107,ROI_107,0.028497775,0.115652399
014__066,14,66,13,0.068103903,0.083543288,0.071840509,3.418017426,0.005097201,11,2,0,0.947987469,0.008056641,0.00402832,0.990234375,0.008056641,0.159627183,0.159627183,FALSE,FALSE,TRUE,FALSE,FALSE,FALSE,ROI_014,ROI_014,ROI_066,ROI_066,0.02721779,0.102071547
013__032,13,32,13,0.060920009,0.052453159,0.070908721,3.097647409,0.009230252,10,3,0,0.859132813,0.008056641,0.00402832,0.999511719,0.008056641,0.159627183,0.159627183,FALSE,FALSE,TRUE,FALSE,FALSE,FALSE,ROI_013,ROI_013,ROI_032,ROI_032,0.024663667,0.099019799
026__056,26,56,13,0.058471261,0.062838721,0.065853148,3.201382758,0.007612978,11,2,0,0.887903822,0.008056641,0.00402832,0.998046875,0.008056641,0.159627183,0.159627183,FALSE,FALSE,TRUE,FALSE,FALSE,FALSE,ROI_026,ROI_026,ROI_056,ROI_056,0.024411791,0.092708034
039__098,39,98,13,0.089978353,0.08190492,0.102085957,3.17792548,0.00795176,10,3,0,0.881397944,0.008300781,0.004150391,0.998779297,0.008300781,0.159627183,0.159627183,FALSE,FALSE,TRUE,FALSE,FALSE,FALSE,ROI_039,ROI_039,ROI_098,ROI_098,0.037445763,0.144186475
069__077,69,77,13,0.086566202,0.098772623,0.092587418,3.3710723,0.005559174,9,4,0,0.934967233,0.008300781,0.004150391,0.991699219,0.008300781,0.159627183,0.159627183,FALSE,FALSE,TRUE,FALSE,FALSE,FALSE,ROI_069,ROI_069,ROI_077,ROI_077,0.037247886,0.133744087
038__080,38,80,13,0.07024794,0.061782184,0.082023434,3.087929102,0.009398427,11,2,0,0.856437439,0.008300781,0.004150391,0.999511719,0.008300781,0.159627183,0.159627183,FALSE,FALSE,TRUE,FALSE,FALSE,FALSE,ROI_038,ROI_038,ROI_080,ROI_080,0.027100084,0.113817356
049__059,49,59,13,0.065626598,0.058098786,0.079237733,2.986204366,0.011354085,10,3,0,0.828224074,0.008300781,0.004150391,0.999755859,0.008300781,0.159627183,0.159627183,FALSE,FALSE,TRUE,FALSE,FALSE,FALSE,ROI_049,ROI_049,ROI_059,ROI_059,0.025905482,0.108413501
016__080,16,80,13,0.064926369,0.057540258,0.07970806,2.936909406,0.01244322,10,3,0,0.814552112,0.008300781,0.004150391,0.999755859,0.008300781,0.159627183,0.159627183,FALSE,FALSE,TRUE,FALSE,FALSE,FALSE,ROI_016,ROI_016,ROI_080,ROI_080,0.025675136,0.108549384
009__013,9,13,13,0.09791287,0.102912704,0.112162715,3.147479746,0.008414218,11,2,0,0.872953816,0.008544922,0.004272461,0.999267578,0.008544922,0.159627183,0.159627183,FALSE,FALSE,TRUE,FALSE,FALSE,FALSE,ROI_009,ROI_009,ROI_013,ROI_013,0.041022445,0.158513627
047__063,47,63,13,0.078415502,0.108362597,0.08823829,3.204177121,0.007573602,10,3,0,0.888678839,0.008544922,0.004272461,0.998046875,0.008544922,0.159627183,0.159627183,FALSE,FALSE,TRUE,FALSE,FALSE,FALSE,ROI_047,ROI_047,ROI_063,ROI_063,0.031870016,0.124078761
007__098,7,98,13,0.070296816,0.06704329,0.085312461,2.970946695,0.011680619,10,3,0,0.823992357,0.008544922,0.004272461,0.999755859,0.008544922,0.159627183,0.159627183,FALSE,FALSE,TRUE,FALSE,FALSE,FALSE,ROI_007,ROI_007,ROI_098,ROI_098,0.028361124,0.117039932
039__061,39,61,13,0.066192637,0.077850894,0.076177156,3.132972657,0.008644,9,4,0,0.868930274,0.008544922,0.004272461,0.999511719,0.008544922,0.159627183,0.159627183,FALSE,FALSE,TRUE,FALSE,FALSE,FALSE,ROI_039,ROI_039,ROI_061,ROI_061,0.026993182,0.106466312
010__069,10,69,13,0.063734476,0.073129011,0.069954417,3.284966533,0.006519841,10,3,0,0.91108579,0.008544922,0.004272461,0.995361328,0.008544922,0.159627183,0.159627183,FALSE,FALSE,TRUE,FALSE,FALSE,FALSE,ROI_010,ROI_010,ROI_069,ROI_069,0.02575722,0.09908916
008__013,8,13,13,0.097604381,0.083529649,0.137701452,2.555656421,0.025202119,10,3,0,0.708811559,0.008789063,0.004394531,1,0.008789063,0.159627183,0.159627183,FALSE,FALSE,TRUE,FALSE,FALSE,FALSE,ROI_008,ROI_008,ROI_013,ROI_013,0.033176049,0.176546808
060__094,60,94,13,0.096330453,0.112158769,0.107067509,3.243975635,0.00703458,11,2,0,0.899716961,0.008789063,0.004394531,0.996826172,0.008789063,0.159627183,0.159627183,FALSE,FALSE,TRUE,FALSE,FALSE,FALSE,ROI_060,ROI_060,ROI_094,ROI_094,0.038115005,0.150464194
060__080,60,80,13,0.087124507,0.1004454,0.098435496,3.191245941,0.007757557,11,2,0,0.885092375,0.008789063,0.004394531,0.998291016,0.008789063,0.159627183,0.159627183,FALSE,FALSE,TRUE,FALSE,FALSE,FALSE,ROI_060,ROI_060,ROI_080,ROI_080,0.034209132,0.137312629
007__009,7,9,13,0.078439052,0.08736885,0.086505741,3.269332432,0.006711517,11,2,0,0.906749671,0.008789063,0.004394531,0.99609375,0.008789063,0.159627183,0.159627183,FALSE,FALSE,TRUE,FALSE,FALSE,FALSE,ROI_007,ROI_007,ROI_009,ROI_009,0.032033147,0.122184238
