edge_id,roi_i_107space,roi_j_107space,n_subjects,mean_delta_str,median_delta_str,sd_delta_str,t_obs,parametric_t_p_two_sided_reference,n_positive_subjects,n_negative_subjects,n_zero_subjects,cohen_dz,p_perm_t_two_sided,p_perm_t_greater_reference,p_perm_t_FWER_maxT_reference,p_perm_mean_two_sided_reference,q_BH_FDR_t_two_sided,q_BH_FDR_mean_two_sided_reference,FDR05_significant_t,FDR10_significant_t,positive_mean_delta,negative_mean_delta,FDR05_significant_positive_t,FDR05_significant_negative_t,roi_i_roi_label,roi_i_region_label,roi_j_roi_label,roi_j_region_label,network_pair,network17_pair,bootstrap_CI_low_top_edges_only,bootstrap_CI_high_top_edges_only
075__095,75,95,13,0.122390084,0.132922281,0.084766924,5.205848031,0.000219774,11,2,0,1.443842462,0.001220703,0.000610352,0.354003906,0.001220703,0.149465388,0.149465388,FALSE,FALSE,TRUE,FALSE,FALSE,FALSE,ROI_075,ROI_075,ROI_095,ROI_095,Unknown - Unknown,Unknown - Unknown,0.075280134,0.164180414
071__075,71,75,13,0.11851833,0.09234548,0.091254461,4.682772884,0.000529739,12,1,0,1.298767519,0.000732422,0.000366211,0.557617188,0.000732422,0.149465388,0.149465388,FALSE,FALSE,TRUE,FALSE,FALSE,FALSE,ROI_071,ROI_071,ROI_075,ROI_075,Unknown - Unknown,Unknown - Unknown,0.072444535,0.16659567
080__095,80,95,13,0.111184765,0.121609046,0.078296866,5.120030879,0.000253245,12,1,0,1.420041067,0.001220703,0.000610352,0.384277344,0.001220703,0.149465388,0.149465388,FALSE,FALSE,TRUE,FALSE,FALSE,FALSE,ROI_080,ROI_080,ROI_095,ROI_095,Unknown - Unknown,Unknown - Unknown,0.069038826,0.15154262
063__095,63,95,13,0.109025012,0.09563937,0.103110404,3.812372521,0.002473534,12,1,0,1.057361893,0.001708984,0.000854492,0.929931641,0.001708984,0.149465388,0.149465388,FALSE,FALSE,TRUE,FALSE,FALSE,FALSE,ROI_063,ROI_063,ROI_095,ROI_095,Unknown - Unknown,Unknown - Unknown,0.056832703,0.163370002
031__071,31,71,13,0.108321511,0.104195962,0.089942065,4.342337091,0.00095767,11,2,0,1.204347618,0.001464844,0.000732422,0.721435547,0.001464844,0.149465388,0.149465388,FALSE,FALSE,TRUE,FALSE,FALSE,FALSE,ROI_031,ROI_031,ROI_071,ROI_071,Unknown - Unknown,Unknown - Unknown,0.062199802,0.155452004
010__075,10,75,13,0.107249967,0.125074587,0.084296437,4.587326216,0.000624466,11,2,0,1.272295376,0.001708984,0.000854492,0.599121094,0.001708984,0.149465388,0.149465388,FALSE,FALSE,TRUE,FALSE,FALSE,FALSE,ROI_010,ROI_010,ROI_075,ROI_075,Unknown - Unknown,Unknown - Unknown,0.062416164,0.149143322
094__095,94,95,13,0.10640572,0.10086812,0.101340707,3.78575688,0.002596228,11,2,0,1.049980042,0.002685547,0.001342773,0.936767578,0.002685547,0.149465388,0.149465388,FALSE,FALSE,TRUE,FALSE,FALSE,FALSE,ROI_094,ROI_094,ROI_095,ROI_095,Unknown - Unknown,Unknown - Unknown,0.054119673,0.160298725
007__061,7,61,13,0.106357027,0.111271155,0.101457305,3.77967573,0.002625128,11,2,0,1.048293435,0.004150391,0.002075195,0.938476563,0.004150391,0.149465388,0.149465388,FALSE,FALSE,TRUE,FALSE,FALSE,FALSE,ROI_007,ROI_007,ROI_061,ROI_061,Unknown - Unknown,Unknown - Unknown,0.051927719,0.157215341
013__080,13,80,13,0.106203451,0.110058801,0.074309941,5.153038522,0.000239778,12,1,0,1.42919574,0.000732422,0.000366211,0.374755859,0.000732422,0.149465388,0.149465388,FALSE,FALSE,TRUE,FALSE,FALSE,FALSE,ROI_013,ROI_013,ROI_080,ROI_080,Unknown - Unknown,Unknown - Unknown,0.065226278,0.143030913
064__080,64,80,13,0.10573973,0.095255982,0.087937995,4.335441299,0.00096937,11,2,0,1.20243507,0.001708984,0.000854492,0.725097656,0.001708984,0.149465388,0.149465388,FALSE,FALSE,TRUE,FALSE,FALSE,FALSE,ROI_064,ROI_064,ROI_080,ROI_080,Unknown - Unknown,Unknown - Unknown,0.061130395,0.15209786
075__094,75,94,13,0.1049461,0.089607818,0.104279338,3.628605152,0.003459553,12,1,0,1.006393995,0.005859375,0.002929688,0.971923828,0.005859375,0.153155031,0.153155031,FALSE,FALSE,TRUE,FALSE,FALSE,FALSE,ROI_075,ROI_075,ROI_094,ROI_094,Unknown - Unknown,Unknown - Unknown,0.048718884,0.158449274
013__098,13,98,13,0.104893348,0.098344757,0.089312669,4.234543085,0.001158618,11,2,0,1.17445094,0.000976563,0.000488281,0.772216797,0.000976563,0.149465388,0.149465388,FALSE,FALSE,TRUE,FALSE,FALSE,FALSE,ROI_013,ROI_013,ROI_098,ROI_098,Unknown - Unknown,Unknown - Unknown,0.061088509,0.153921465
008__060,8,60,13,0.104852048,0.07349904,0.166667086,2.268290905,0.04256915,9,4,0,0.629110705,0.034912109,0.017456055,1,0.034912109,0.185790567,0.185790567,FALSE,FALSE,TRUE,FALSE,FALSE,FALSE,ROI_008,ROI_008,ROI_060,ROI_060,Unknown - Unknown,Unknown - Unknown,,
080__094,80,94,13,0.104021289,0.150533903,0.11642719,3.221361722,0.007335925,10,3,0,0.89344499,0.010009766,0.005004883,0.997070313,0.010009766,0.159627183,0.159627183,FALSE,FALSE,TRUE,FALSE,FALSE,FALSE,ROI_080,ROI_080,ROI_094,ROI_094,Unknown - Unknown,Unknown - Unknown,,
031__042,31,42,13,0.104002349,0.076069128,0.105503231,3.554258958,0.003965472,12,1,0,0.985774071,0.002929688,0.001464844,0.979980469,0.002929688,0.149465388,0.149465388,FALSE,FALSE,TRUE,FALSE,FALSE,FALSE,ROI_031,ROI_031,ROI_042,ROI_042,Unknown - Unknown,Unknown - Unknown,0.050586391,0.161647193
042__075,42,75,13,0.102337697,0.072034211,0.094541865,3.902861585,0.00209918,11,2,0,1.082459044,0.001708984,0.000854492,0.905273438,0.001708984,0.149465388,0.149465388,FALSE,FALSE,TRUE,FALSE,FALSE,FALSE,ROI_042,ROI_042,ROI_075,ROI_075,Unknown - Unknown,Unknown - Unknown,0.054372921,0.152669512
008__064,8,64,13,0.102314998,0.107480481,0.133405134,2.765275677,0.017111062,10,3,0,0.76694948,0.01953125,0.009765625,1,0.01953125,0.171723595,0.171723595,FALSE,FALSE,TRUE,FALSE,FALSE,FALSE,ROI_008,ROI_008,ROI_064,ROI_064,Unknown - Unknown,Unknown - Unknown,,
017__047,17,47,13,0.101718152,0.075099049,0.101119908,3.626882392,0.003470496,12,1,0,1.005916187,0.002685547,0.001342773,0.972167969,0.002685547,0.149465388,0.149465388,FALSE,FALSE,TRUE,FALSE,FALSE,FALSE,ROI_017,ROI_017,ROI_047,ROI_047,Unknown - Unknown,Unknown - Unknown,0.050450179,0.156217317
041__098,41,98,13,0.101284227,0.079869314,0.093793608,3.893500652,0.002135042,12,1,0,1.079862788,0.000732422,0.000366211,0.908691406,0.000732422,0.149465388,0.149465388,FALSE,FALSE,TRUE,FALSE,FALSE,FALSE,ROI_041,ROI_041,ROI_098,ROI_098,Unknown - Unknown,Unknown - Unknown,0.055027924,0.152763959
008__017,8,17,13,0.101242648,0.101063221,0.124642401,2.928662748,0.012635333,11,2,0,0.812264901,0.013916016,0.006958008,0.999755859,0.013916016,0.16304744,0.16304744,FALSE,FALSE,TRUE,FALSE,FALSE,FALSE,ROI_008,ROI_008,ROI_017,ROI_017,Unknown - Unknown,Unknown - Unknown,,
013__042,13,42,13,0.101148858,0.085293597,0.071333865,5.112542191,0.00025641,12,1,0,1.417964078,0.000488281,0.000244141,0.38671875,0.000488281,0.149465388,0.149465388,FALSE,FALSE,TRUE,FALSE,FALSE,FALSE,ROI_013,ROI_013,ROI_042,ROI_042,Unknown - Unknown,Unknown - Unknown,0.064314165,0.138369583
056__058,56,58,13,0.101023462,0.067534787,0.124489738,2.925905996,0.01270021,12,1,0,0.811500315,0.008056641,0.00402832,0.999755859,0.008056641,0.159627183,0.159627183,FALSE,FALSE,TRUE,FALSE,FALSE,FALSE,ROI_056,ROI_056,ROI_058,ROI_058,Unknown - Unknown,Unknown - Unknown,0.03920297,0.169227952
009__058,9,58,13,0.100542888,0.079200414,0.113724425,3.18764011,0.007809651,11,2,0,0.884092297,0.004638672,0.002319336,0.998291016,0.004638672,0.149465388,0.149465388,FALSE,FALSE,TRUE,FALSE,FALSE,FALSE,ROI_009,ROI_009,ROI_058,ROI_058,Unknown - Unknown,Unknown - Unknown,0.044516925,0.162490766
047__064,47,64,13,0.100344665,0.063977542,0.121428556,2.979511981,0.011496174,10,3,0,0.82636794,0.006835938,0.003417969,0.999755859,0.006835938,0.156949804,0.156949804,FALSE,FALSE,TRUE,FALSE,FALSE,FALSE,ROI_047,ROI_047,ROI_064,ROI_064,Unknown - Unknown,Unknown - Unknown,0.042338434,0.167066522
010__042,10,42,13,0.099213269,0.083448891,0.07280241,4.913553373,0.000357671,12,1,0,1.36277451,0.000976563,0.000488281,0.468505859,0.000976563,0.149465388,0.149465388,FALSE,FALSE,TRUE,FALSE,FALSE,FALSE,ROI_010,ROI_010,ROI_042,ROI_042,Unknown - Unknown,Unknown - Unknown,0.061244535,0.136834531
014__072,14,72,13,0.099118148,0.116139467,0.110331553,3.239105722,0.007098401,10,3,0,0.89836629,0.009277344,0.004638672,0.996826172,0.009277344,0.159627183,0.159627183,FALSE,FALSE,TRUE,FALSE,FALSE,FALSE,ROI_014,ROI_014,ROI_072,ROI_072,Unknown - Unknown,Unknown - Unknown,,
008__075,8,75,13,0.098565687,0.104115438,0.101762252,3.492293363,0.004444525,11,2,0,0.968587907,0.006347656,0.003173828,0.985351563,0.006347656,0.155758667,0.155758667,FALSE,FALSE,TRUE,FALSE,FALSE,FALSE,ROI_008,ROI_008,ROI_075,ROI_075,Unknown - Unknown,Unknown - Unknown,0.043927012,0.14915051
075__081,75,81,13,0.098250083,0.098491642,0.06499679,5.450203194,0.000147616,12,1,0,1.511614391,0.000488281,0.000244141,0.278564453,0.000488281,0.149465388,0.149465388,FALSE,FALSE,TRUE,FALSE,FALSE,FALSE,ROI_075,ROI_075,ROI_081,ROI_081,Unknown - Unknown,Unknown - Unknown,0.064950579,0.133387647
009__013,9,13,13,0.09791287,0.102912704,0.112162715,3.147479746,0.008414218,11,2,0,0.872953816,0.008544922,0.004272461,0.999267578,0.008544922,0.159627183,0.159627183,FALSE,FALSE,TRUE,FALSE,FALSE,FALSE,ROI_009,ROI_009,ROI_013,ROI_013,Unknown - Unknown,Unknown - Unknown,0.041022445,0.158513627
008__013,8,13,13,0.097604381,0.083529649,0.137701452,2.555656421,0.025202119,10,3,0,0.708811559,0.008789063,0.004394531,1,0.008789063,0.159627183,0.159627183,FALSE,FALSE,TRUE,FALSE,FALSE,FALSE,ROI_008,ROI_008,ROI_013,ROI_013,Unknown - Unknown,Unknown - Unknown,0.033176049,0.176546808
007__064,7,64,13,0.09721919,0.094918358,0.085961237,4.077753948,0.001532173,12,1,0,1.130965458,0.001220703,0.000610352,0.835693359,0.001220703,0.149465388,0.149465388,FALSE,FALSE,TRUE,FALSE,FALSE,FALSE,ROI_007,ROI_007,ROI_064,ROI_064,Unknown - Unknown,Unknown - Unknown,0.054162295,0.14261315
063__077,63,77,13,0.096642812,0.07004548,0.094655307,3.681258072,0.003141592,12,1,0,1.020997287,0.003417969,0.001708984,0.962158203,0.003417969,0.149465388,0.149465388,FALSE,FALSE,TRUE,FALSE,FALSE,FALSE,ROI_063,ROI_063,ROI_077,ROI_077,Unknown - Unknown,Unknown - Unknown,0.04850857,0.146657151
017__095,17,95,13,0.096598632,0.120718955,0.100286515,3.472962634,0.004605732,10,3,0,0.963226527,0.006591797,0.003295898,0.986816406,0.006591797,0.155758667,0.155758667,FALSE,FALSE,TRUE,FALSE,FALSE,FALSE,ROI_017,ROI_017,ROI_095,ROI_095,Unknown - Unknown,Unknown - Unknown,0.042559121,0.147287699
047__075,47,75,13,0.096397156,0.105369136,0.081975762,4.239849451,0.001147768,11,2,0,1.175922661,0.001953125,0.000976563,0.770263672,0.001953125,0.149465388,0.149465388,FALSE,FALSE,TRUE,FALSE,FALSE,FALSE,ROI_047,ROI_047,ROI_075,ROI_075,Unknown - Unknown,Unknown - Unknown,0.054545601,0.138909768
056__095,56,95,13,0.096367316,0.099186053,0.079552786,4.367632046,0.000915991,12,1,0,1.211363177,0.001953125,0.000976563,0.709228516,0.001953125,0.149465388,0.149465388,FALSE,FALSE,TRUE,FALSE,FALSE,FALSE,ROI_056,ROI_056,ROI_095,ROI_095,Unknown - Unknown,Unknown - Unknown,0.053861543,0.136322018
060__094,60,94,13,0.096330453,0.112158769,0.107067509,3.243975635,0.00703458,11,2,0,0.899716961,0.008789063,0.004394531,0.996826172,0.008789063,0.159627183,0.159627183,FALSE,FALSE,TRUE,FALSE,FALSE,FALSE,ROI_060,ROI_060,ROI_094,ROI_094,Unknown - Unknown,Unknown - Unknown,0.038115005,0.150464194
060__101,60,101,13,0.096234404,0.120807042,0.092723979,3.742053363,0.002811417,11,2,0,1.037858867,0.004394531,0.002197266,0.947998047,0.004394531,0.149465388,0.149465388,FALSE,FALSE,TRUE,FALSE,FALSE,FALSE,ROI_060,ROI_060,ROI_101,ROI_101,Unknown - Unknown,Unknown - Unknown,0.04644475,0.144207754
014__064,14,64,13,0.096043024,0.074223901,0.089524501,3.868081308,0.002235643,13,0,0,1.07281273,0.000244141,0.00012207,0.916503906,0.000244141,0.149465388,0.149465388,FALSE,FALSE,TRUE,FALSE,FALSE,FALSE,ROI_014,ROI_014,ROI_064,ROI_064,Unknown - Unknown,Unknown - Unknown,0.053310406,0.145861885
084__098,84,98,13,0.095972386,0.110244879,0.08770585,3.94538514,0.001943914,11,2,0,1.094252956,0.003662109,0.001831055,0.889648438,0.003662109,0.149465388,0.149465388,FALSE,FALSE,TRUE,FALSE,FALSE,FALSE,ROI_084,ROI_084,ROI_098,ROI_098,Unknown - Unknown,Unknown - Unknown,0.049233729,0.14099158
013__075,13,75,13,0.095543793,0.088772592,0.102994039,3.344737681,0.005836701,10,3,0,0.927663324,0.008056641,0.00402832,0.993408203,0.008056641,0.159627183,0.159627183,FALSE,FALSE,TRUE,FALSE,FALSE,FALSE,ROI_013,ROI_013,ROI_075,ROI_075,Unknown - Unknown,Unknown - Unknown,0.041782774,0.149249557
013__056,13,56,13,0.095431594,0.110539538,0.091213339,3.772293682,0.002660654,10,3,0,1.046246023,0.005859375,0.002929688,0.940917969,0.005859375,0.153155031,0.153155031,FALSE,FALSE,TRUE,FALSE,FALSE,FALSE,ROI_013,ROI_013,ROI_056,ROI_056,Unknown - Unknown,Unknown - Unknown,0.047309728,0.14165817
060__098,60,98,13,0.095149092,0.066512127,0.089901215,3.816021073,0.002457185,11,2,0,1.058373819,0.000976563,0.000488281,0.929931641,0.000976563,0.149465388,0.149465388,FALSE,FALSE,TRUE,FALSE,FALSE,FALSE,ROI_060,ROI_060,ROI_098,ROI_098,Unknown - Unknown,Unknown - Unknown,0.049751026,0.14323402
013__094,13,94,13,0.095073842,0.069046432,0.07965919,4.303252528,0.001025985,12,1,0,1.193507511,0.001220703,0.000610352,0.740722656,0.001220703,0.149465388,0.149465388,FALSE,FALSE,TRUE,FALSE,FALSE,FALSE,ROI_013,ROI_013,ROI_094,ROI_094,Unknown - Unknown,Unknown - Unknown,0.053296832,0.136019485
075__091,75,91,13,0.095051896,0.108550273,0.086202662,3.975683279,0.001840547,11,2,0,1.102656147,0.003662109,0.001831055,0.881347656,0.003662109,0.149465388,0.149465388,FALSE,FALSE,TRUE,FALSE,FALSE,FALSE,ROI_075,ROI_075,ROI_091,ROI_091,Unknown - Unknown,Unknown - Unknown,0.050181997,0.139821144
056__060,56,60,13,0.094445225,0.079230883,0.102556851,3.320374003,0.006105953,12,1,0,0.920906055,0.006103516,0.003051758,0.994384766,0.006103516,0.153155031,0.153155031,FALSE,FALSE,TRUE,FALSE,FALSE,FALSE,ROI_056,ROI_056,ROI_060,ROI_060,Unknown - Unknown,Unknown - Unknown,0.040918319,0.147463979
013__088,13,88,13,0.094371081,0.098847005,0.068619843,4.958620605,0.000331542,12,1,0,1.375273911,0.000732422,0.000366211,0.447753906,0.000732422,0.149465388,0.149465388,FALSE,FALSE,TRUE,FALSE,FALSE,FALSE,ROI_013,ROI_013,ROI_088,ROI_088,Unknown - Unknown,Unknown - Unknown,0.058877083,0.13049266
075__092,75,92,13,0.094050399,0.107634348,0.111116427,3.051785812,0.010051304,10,3,0,0.846413094,0.009033203,0.004516602,0.999511719,0.009033203,0.159627183,0.159627183,FALSE,FALSE,TRUE,FALSE,FALSE,FALSE,ROI_075,ROI_075,ROI_092,ROI_092,Unknown - Unknown,Unknown - Unknown,,
074__075,74,75,13,0.094045482,0.102403391,0.073007312,4.644545849,0.000565737,11,2,0,1.288165247,0.001464844,0.000732422,0.57421875,0.001464844,0.149465388,0.149465388,FALSE,FALSE,TRUE,FALSE,FALSE,FALSE,ROI_074,ROI_074,ROI_075,ROI_075,Unknown - Unknown,Unknown - Unknown,0.055964871,0.131396669
009__075,9,75,13,0.093962104,0.128330278,0.08247297,4.10783296,0.001451883,10,3,0,1.139307874,0.004882813,0.002441406,0.82421875,0.004882813,0.149677998,0.149677998,FALSE,FALSE,TRUE,FALSE,FALSE,FALSE,ROI_009,ROI_009,ROI_075,ROI_075,Unknown - Unknown,Unknown - Unknown,0.050569442,0.136488749
029__075,29,75,13,0.093939702,0.104344927,0.133405642,2.538906192,0.025990497,11,2,0,0.704165881,0.029296875,0.014648438,1,0.029296875,0.179419631,0.179419631,FALSE,FALSE,TRUE,FALSE,FALSE,FALSE,ROI_029,ROI_029,ROI_075,ROI_075,Unknown - Unknown,Unknown - Unknown,,
025__075,25,75,13,0.093718336,0.125160753,0.091377832,3.697901966,0.003047433,10,3,0,1.025613473,0.004638672,0.002319336,0.959228516,0.004638672,0.149465388,0.149465388,FALSE,FALSE,TRUE,FALSE,FALSE,FALSE,ROI_025,ROI_025,ROI_075,ROI_075,Unknown - Unknown,Unknown - Unknown,0.047095286,0.141443272
008__080,8,80,13,0.093653174,0.114459323,0.096431097,3.501684968,0.004368291,12,1,0,0.971192669,0.007568359,0.00378418,0.984863281,0.007568359,0.158798163,0.158798163,FALSE,FALSE,TRUE,FALSE,FALSE,FALSE,ROI_008,ROI_008,ROI_080,ROI_080,Unknown - Unknown,Unknown - Unknown,0.03842379,0.139843448
056__077,56,77,13,0.093634638,0.102960263,0.111661346,3.023467847,0.01059442,10,3,0,0.838559104,0.012451172,0.006225586,0.999511719,0.012451172,0.161211406,0.161211406,FALSE,FALSE,TRUE,FALSE,FALSE,FALSE,ROI_056,ROI_056,ROI_077,ROI_077,Unknown - Unknown,Unknown - Unknown,,
053__064,53,64,13,0.093305074,0.056704457,0.109187563,3.081085607,0.009518695,11,2,0,0.854539395,0.004150391,0.002075195,0.999511719,0.004150391,0.149465388,0.149465388,FALSE,FALSE,TRUE,FALSE,FALSE,FALSE,ROI_053,ROI_053,ROI_064,ROI_064,Unknown - Unknown,Unknown - Unknown,0.039151785,0.152953108
010__098,10,98,13,0.092476228,0.085987518,0.090719996,3.675350483,0.003175725,12,1,0,1.019358817,0.003417969,0.001708984,0.962646484,0.003417969,0.149465388,0.149465388,FALSE,FALSE,TRUE,FALSE,FALSE,FALSE,ROI_010,ROI_010,ROI_098,ROI_098,Unknown - Unknown,Unknown - Unknown,0.044824326,0.139524804
047__083,47,83,13,0.092467532,0.104965355,0.071174821,4.684190632,0.00052845,12,1,0,1.299160731,0.001464844,0.000732422,0.556884766,0.001464844,0.149465388,0.149465388,FALSE,FALSE,TRUE,FALSE,FALSE,FALSE,ROI_047,ROI_047,ROI_083,ROI_083,Unknown - Unknown,Unknown - Unknown,0.05380552,0.127955171
031__039,31,39,13,0.092105138,0.085678833,0.091822841,3.61663606,0.003536315,12,1,0,1.003074366,0.004150391,0.002075195,0.973632813,0.004150391,0.149465388,0.149465388,FALSE,FALSE,TRUE,FALSE,FALSE,FALSE,ROI_031,ROI_031,ROI_039,ROI_039,Unknown - Unknown,Unknown - Unknown,0.043095158,0.138756351
058__064,58,64,13,0.092102451,0.093388104,0.09925605,3.345691343,0.00582641,11,2,0,0.927927822,0.004882813,0.002441406,0.993408203,0.004882813,0.149677998,0.149677998,FALSE,FALSE,TRUE,FALSE,FALSE,FALSE,ROI_058,ROI_058,ROI_064,ROI_064,Unknown - Unknown,Unknown - Unknown,0.041809508,0.145293346
042__098,42,98,13,0.091966444,0.066236112,0.089378654,3.709943209,0.002981119,11,2,0,1.028953113,0.000976563,0.000488281,0.956542969,0.000976563,0.149465388,0.149465388,FALSE,FALSE,TRUE,FALSE,FALSE,FALSE,ROI_042,ROI_042,ROI_098,ROI_098,Unknown - Unknown,Unknown - Unknown,0.050250612,0.142128599
007__047,7,47,13,0.091853285,0.093265746,0.096929126,3.416741097,0.005109231,11,2,0,0.947633478,0.007324219,0.003662109,0.990234375,0.007324219,0.158532994,0.158532994,FALSE,FALSE,TRUE,FALSE,FALSE,FALSE,ROI_007,ROI_007,ROI_047,ROI_047,Unknown - Unknown,Unknown - Unknown,0.040878675,0.141814807
060__099,60,99,13,0.091624472,0.077504538,0.099809316,3.309878753,0.006225784,12,1,0,0.917995197,0.007568359,0.00378418,0.994873047,0.007568359,0.158798163,0.158798163,FALSE,FALSE,TRUE,FALSE,FALSE,FALSE,ROI_060,ROI_060,ROI_099,ROI_099,Unknown - Unknown,Unknown - Unknown,0.039226201,0.142918678
052__061,52,61,13,0.091422949,0.077105978,0.102674897,3.210425718,0.007486293,10,3,0,0.890411888,0.002685547,0.001342773,0.997802734,0.002685547,0.149465388,0.149465388,FALSE,FALSE,TRUE,FALSE,FALSE,FALSE,ROI_052,ROI_052,ROI_061,ROI_061,Unknown - Unknown,Unknown - Unknown,0.04268406,0.148392082
013__053,13,53,13,0.091065206,0.103311132,0.084707471,3.876166579,0.002203125,10,3,0,1.075055181,0.002929688,0.001464844,0.914794922,0.002929688,0.149465388,0.149465388,FALSE,FALSE,TRUE,FALSE,FALSE,FALSE,ROI_013,ROI_013,ROI_053,ROI_053,Unknown - Unknown,Unknown - Unknown,0.047679892,0.134875304
057__075,57,75,13,0.090812744,0.097419235,0.098837448,3.31281323,0.006192041,10,3,0,0.918809074,0.006103516,0.003051758,0.994873047,0.006103516,0.153155031,0.153155031,FALSE,FALSE,TRUE,FALSE,FALSE,FALSE,ROI_057,ROI_057,ROI_075,ROI_075,Unknown - Unknown,Unknown - Unknown,0.041023023,0.144157016
002__014,2,14,13,0.090547727,0.087187037,0.067118784,4.864129719,0.000388823,12,1,0,1.349066855,0.000976563,0.000488281,0.487060547,0.000976563,0.149465388,0.149465388,FALSE,FALSE,TRUE,FALSE,FALSE,FALSE,ROI_002,ROI_002,ROI_014,ROI_014,Unknown - Unknown,Unknown - Unknown,0.054265307,0.124069824
010__064,10,64,13,0.090547299,0.108762837,0.066883212,4.881238801,0.000377729,12,1,0,1.35381206,0.001953125,0.000976563,0.480712891,0.001953125,0.149465388,0.149465388,FALSE,FALSE,TRUE,FALSE,FALSE,FALSE,ROI_010,ROI_010,ROI_064,ROI_064,Unknown - Unknown,Unknown - Unknown,0.053109525,0.122200244
039__080,39,80,13,0.090208306,0.080797016,0.072243511,4.502143761,0.000723946,13,0,0,1.248670014,0.000244141,0.00012207,0.642822266,0.000244141,0.149465388,0.149465388,FALSE,FALSE,TRUE,FALSE,FALSE,FALSE,ROI_039,ROI_039,ROI_080,ROI_080,Unknown - Unknown,Unknown - Unknown,0.056174423,0.130761776
033__047,33,47,13,0.090161442,0.096169155,0.077753536,4.180925002,0.00127441,12,1,0,1.159579959,0.001708984,0.000854492,0.795166016,0.001708984,0.149465388,0.149465388,FALSE,FALSE,TRUE,FALSE,FALSE,FALSE,ROI_033,ROI_033,ROI_047,ROI_047,Unknown - Unknown,Unknown - Unknown,0.049257786,0.130577658
039__098,39,98,13,0.089978353,0.08190492,0.102085957,3.17792548,0.00795176,10,3,0,0.881397944,0.008300781,0.004150391,0.998779297,0.008300781,0.159627183,0.159627183,FALSE,FALSE,TRUE,FALSE,FALSE,FALSE,ROI_039,ROI_039,ROI_098,ROI_098,Unknown - Unknown,Unknown - Unknown,0.037445763,0.144186475
075__080,75,80,13,0.08995903,0.080276907,0.086191837,3.763139385,0.002705396,10,3,0,1.043707078,0.001953125,0.000976563,0.943359375,0.001953125,0.149465388,0.149465388,FALSE,FALSE,TRUE,FALSE,FALSE,FALSE,ROI_075,ROI_075,ROI_080,ROI_080,Unknown - Unknown,Unknown - Unknown,0.046674738,0.135994753
080__098,80,98,13,0.089897214,0.083859291,0.098395032,3.294160364,0.006409718,11,2,0,0.9136357,0.004150391,0.002075195,0.994873047,0.004150391,0.149465388,0.149465388,FALSE,FALSE,TRUE,FALSE,FALSE,FALSE,ROI_080,ROI_080,ROI_098,ROI_098,Unknown - Unknown,Unknown - Unknown,0.040907147,0.142983122
052__064,52,64,13,0.089689942,0.089238996,0.132768425,2.435682181,0.031404728,11,2,0,0.675536692,0.032958984,0.016479492,1,0.032958984,0.184876756,0.184876756,FALSE,FALSE,TRUE,FALSE,FALSE,FALSE,ROI_052,ROI_052,ROI_064,ROI_064,Unknown - Unknown,Unknown - Unknown,,
009__059,9,59,13,0.089678943,0.073267591,0.100540811,3.21602763,0.007408883,9,4,0,0.891965579,0.009277344,0.004638672,0.997558594,0.009277344,0.159627183,0.159627183,FALSE,FALSE,TRUE,FALSE,FALSE,FALSE,ROI_009,ROI_009,ROI_059,ROI_059,Unknown - Unknown,Unknown - Unknown,,
009__064,9,64,13,0.089616277,0.06758217,0.093480948,3.456491292,0.004747783,11,2,0,0.958658199,0.003173828,0.001586914,0.98828125,0.003173828,0.149465388,0.149465388,FALSE,FALSE,TRUE,FALSE,FALSE,FALSE,ROI_009,ROI_009,ROI_064,ROI_064,Unknown - Unknown,Unknown - Unknown,0.042179081,0.139339486
006__033,6,33,13,0.089603716,0.078467547,0.132873422,2.431417703,0.03165043,10,3,0,0.674353939,0.016357422,0.008178711,1,0.016357422,0.167744918,0.167744918,FALSE,FALSE,TRUE,FALSE,FALSE,FALSE,ROI_006,ROI_006,ROI_033,ROI_033,Unknown - Unknown,Unknown - Unknown,,
009__095,9,95,13,0.089564394,0.106946524,0.087651616,3.68423345,0.003124543,10,3,0,1.021822509,0.004394531,0.002197266,0.961669922,0.004394531,0.149465388,0.149465388,FALSE,FALSE,TRUE,FALSE,FALSE,FALSE,ROI_009,ROI_009,ROI_095,ROI_095,Unknown - Unknown,Unknown - Unknown,0.043742173,0.135418395
007__014,7,14,13,0.089500541,0.086318103,0.067070369,4.811346574,0.00042525,13,0,0,1.334427444,0.000244141,0.00012207,0.508789063,0.000244141,0.149465388,0.149465388,FALSE,FALSE,TRUE,FALSE,FALSE,FALSE,ROI_007,ROI_007,ROI_014,ROI_014,Unknown - Unknown,Unknown - Unknown,0.055791697,0.125116788
009__060,9,60,13,0.089395963,0.055310754,0.119836704,2.689674529,0.019681689,9,4,0,0.745981495,0.013916016,0.006958008,1,0.013916016,0.16304744,0.16304744,FALSE,FALSE,TRUE,FALSE,FALSE,FALSE,ROI_009,ROI_009,ROI_060,ROI_060,Unknown - Unknown,Unknown - Unknown,,
039__075,39,75,13,0.089332608,0.095965316,0.118853484,2.710003001,0.018955287,10,3,0,0.751619598,0.019287109,0.009643555,1,0.019287109,0.171437613,0.171437613,FALSE,FALSE,TRUE,FALSE,FALSE,FALSE,ROI_039,ROI_039,ROI_075,ROI_075,Unknown - Unknown,Unknown - Unknown,,
014__031,14,31,13,0.089175645,0.099928204,0.113286981,2.838166903,0.014947477,9,4,0,0.787165869,0.018066406,0.009033203,1,0.018066406,0.171145286,0.171145286,FALSE,FALSE,TRUE,FALSE,FALSE,FALSE,ROI_014,ROI_014,ROI_031,ROI_031,Unknown - Unknown,Unknown - Unknown,,
039__101,39,101,13,0.089110836,0.090226468,0.097763067,3.28645262,0.006501912,10,3,0,0.911497957,0.006835938,0.003417969,0.995361328,0.006835938,0.156949804,0.156949804,FALSE,FALSE,TRUE,FALSE,FALSE,FALSE,ROI_039,ROI_039,ROI_101,ROI_101,Unknown - Unknown,Unknown - Unknown,0.038863319,0.141174809
017__075,17,75,13,0.088923739,0.096396576,0.07986108,4.014710302,0.001715696,12,1,0,1.113480296,0.001953125,0.000976563,0.862304688,0.001953125,0.149465388,0.149465388,FALSE,FALSE,TRUE,FALSE,FALSE,FALSE,ROI_017,ROI_017,ROI_075,ROI_075,Unknown - Unknown,Unknown - Unknown,0.047817635,0.131532492
009__057,9,57,13,0.088899773,0.074295481,0.110384278,2.903789332,0.013232851,9,4,0,0.805366256,0.014404297,0.007202148,1,0.014404297,0.16304744,0.16304744,FALSE,FALSE,TRUE,FALSE,FALSE,FALSE,ROI_009,ROI_009,ROI_057,ROI_057,Unknown - Unknown,Unknown - Unknown,,
064__075,64,75,13,0.08874123,0.06430147,0.079244041,4.037667077,0.001646372,12,1,0,1.11984736,0.001220703,0.000610352,0.852783203,0.001220703,0.149465388,0.149465388,FALSE,FALSE,TRUE,FALSE,FALSE,FALSE,ROI_064,ROI_064,ROI_075,ROI_075,Unknown - Unknown,Unknown - Unknown,0.049107534,0.130674382
050__056,50,56,13,0.08847733,0.085024878,0.103242413,3.08990793,0.009363936,12,1,0,0.856986268,0.005615234,0.002807617,0.999511719,0.005615234,0.153155031,0.153155031,FALSE,FALSE,TRUE,FALSE,FALSE,FALSE,ROI_050,ROI_050,ROI_056,ROI_056,Unknown - Unknown,Unknown - Unknown,0.037695197,0.145556404
006__061,6,61,13,0.088437936,0.064216353,0.077563882,4.111030872,0.001443607,12,1,0,1.140194816,0.001220703,0.000610352,0.823242188,0.001220703,0.149465388,0.149465388,FALSE,FALSE,TRUE,FALSE,FALSE,FALSE,ROI_006,ROI_006,ROI_061,ROI_061,Unknown - Unknown,Unknown - Unknown,0.048367618,0.129250258
011__107,11,107,13,0.08827438,0.102305804,0.121115283,2.627891331,0.022061353,11,2,0,0.728845918,0.023193359,0.01159668,1,0.023193359,0.173286214,0.173286214,FALSE,FALSE,TRUE,FALSE,FALSE,FALSE,ROI_011,ROI_011,ROI_107,ROI_107,Unknown - Unknown,Unknown - Unknown,,
016__058,16,58,13,0.088063448,0.073569783,0.099770934,3.182462689,0.007885067,11,2,0,0.882656339,0.004150391,0.002075195,0.998291016,0.004150391,0.149465388,0.149465388,FALSE,FALSE,TRUE,FALSE,FALSE,FALSE,ROI_016,ROI_016,ROI_058,ROI_058,Unknown - Unknown,Unknown - Unknown,0.040231327,0.144624777
077__098,77,98,13,0.088060247,0.082984001,0.084493473,3.757754574,0.002732075,11,2,0,1.0422136,0.003417969,0.001708984,0.944091797,0.003417969,0.149465388,0.149465388,FALSE,FALSE,TRUE,FALSE,FALSE,FALSE,ROI_077,ROI_077,ROI_098,ROI_098,Unknown - Unknown,Unknown - Unknown,0.043233709,0.131615226
061__064,61,64,13,0.087995479,0.127075152,0.124247643,2.553547134,0.025300099,10,3,0,0.708226548,0.026855469,0.013427734,1,0.026855469,0.177296116,0.177296116,FALSE,FALSE,TRUE,FALSE,FALSE,FALSE,ROI_061,ROI_061,ROI_064,ROI_064,Unknown - Unknown,Unknown - Unknown,,
014__071,14,71,13,0.087981642,0.086577718,0.078191677,4.056983196,0.001590285,12,1,0,1.125204687,0.002197266,0.001098633,0.846679688,0.002197266,0.149465388,0.149465388,FALSE,FALSE,TRUE,FALSE,FALSE,FALSE,ROI_014,ROI_014,ROI_071,ROI_071,Unknown - Unknown,Unknown - Unknown,0.046510451,0.128311358
002__075,2,75,13,0.087827131,0.071157675,0.105489565,3.001863014,0.011028447,10,3,0,0.832567001,0.014160156,0.007080078,0.999511719,0.014160156,0.16304744,0.16304744,FALSE,FALSE,TRUE,FALSE,FALSE,FALSE,ROI_002,ROI_002,ROI_075,ROI_075,Unknown - Unknown,Unknown - Unknown,,
033__080,33,80,13,0.087677351,0.116615453,0.078002701,4.052746652,0.001602415,11,2,0,1.124029682,0.003417969,0.001708984,0.849121094,0.003417969,0.149465388,0.149465388,FALSE,FALSE,TRUE,FALSE,FALSE,FALSE,ROI_033,ROI_033,ROI_080,ROI_080,Unknown - Unknown,Unknown - Unknown,0.0443889,0.124897016
013__016,13,16,13,0.08719016,0.070942315,0.075177266,4.181697615,0.001272659,11,2,0,1.159794244,0.001953125,0.000976563,0.794433594,0.001953125,0.149465388,0.149465388,FALSE,FALSE,TRUE,FALSE,FALSE,FALSE,ROI_013,ROI_013,ROI_016,ROI_016,Unknown - Unknown,Unknown - Unknown,0.048006686,0.126809048
060__080,60,80,13,0.087124507,0.1004454,0.098435496,3.191245941,0.007757557,11,2,0,0.885092375,0.008789063,0.004394531,0.998291016,0.008789063,0.159627183,0.159627183,FALSE,FALSE,TRUE,FALSE,FALSE,FALSE,ROI_060,ROI_060,ROI_080,ROI_080,Unknown - Unknown,Unknown - Unknown,0.034209132,0.137312629
045__075,45,75,13,0.08693425,0.07779093,0.113169786,2.769695916,0.016971464,10,3,0,0.768175434,0.020019531,0.010009766,1,0.020019531,0.171858315,0.171858315,FALSE,FALSE,TRUE,FALSE,FALSE,FALSE,ROI_045,ROI_045,ROI_075,ROI_075,Unknown - Unknown,Unknown - Unknown,,
007__095,7,95,13,0.086924885,0.093063261,0.059583224,5.26007335,0.000201051,12,1,0,1.45888186,0.000488281,0.000244141,0.337158203,0.000488281,0.149465388,0.149465388,FALSE,FALSE,TRUE,FALSE,FALSE,FALSE,ROI_007,ROI_007,ROI_095,ROI_095,Unknown - Unknown,Unknown - Unknown,0.056292263,0.117522194
052__071,52,71,13,0.08669954,0.050825244,0.100783152,3.101705303,0.009160927,10,3,0,0.86025827,0.005859375,0.002929688,0.999511719,0.005859375,0.153155031,0.153155031,FALSE,FALSE,TRUE,FALSE,FALSE,FALSE,ROI_052,ROI_052,ROI_071,ROI_071,Unknown - Unknown,Unknown - Unknown,0.037193509,0.141584207
042__060,42,60,13,0.086660908,0.074793663,0.102985241,3.03403037,0.010388487,11,2,0,0.841488621,0.011474609,0.005737305,0.999511719,0.011474609,0.159627183,0.159627183,FALSE,FALSE,TRUE,FALSE,FALSE,FALSE,ROI_042,ROI_042,ROI_060,ROI_060,Unknown - Unknown,Unknown - Unknown,,
050__091,50,91,13,0.086653891,0.090116847,0.111919206,2.791612438,0.01629575,10,3,0,0.774253983,0.014404297,0.007202148,1,0.014404297,0.16304744,0.16304744,FALSE,FALSE,TRUE,FALSE,FALSE,FALSE,ROI_050,ROI_050,ROI_091,ROI_091,Unknown - Unknown,Unknown - Unknown,,
069__077,69,77,13,0.086566202,0.098772623,0.092587418,3.3710723,0.005559174,9,4,0,0.934967233,0.008300781,0.004150391,0.991699219,0.008300781,0.159627183,0.159627183,FALSE,FALSE,TRUE,FALSE,FALSE,FALSE,ROI_069,ROI_069,ROI_077,ROI_077,Unknown - Unknown,Unknown - Unknown,0.037247886,0.133744087
053__061,53,61,13,0.086504287,0.071643515,0.089527041,3.483814945,0.004514511,10,3,0,0.966236417,0.004882813,0.002441406,0.985595703,0.004882813,0.149677998,0.149677998,FALSE,FALSE,TRUE,FALSE,FALSE,FALSE,ROI_053,ROI_053,ROI_061,ROI_061,Unknown - Unknown,Unknown - Unknown,0.041405573,0.134021035
008__071,8,71,13,0.086221581,0.114372052,0.119288243,2.606093633,0.022966452,11,2,0,0.722800325,0.026123047,0.013061523,1,0.026123047,0.176782576,0.176782576,FALSE,FALSE,TRUE,FALSE,FALSE,FALSE,ROI_008,ROI_008,ROI_071,ROI_071,Unknown - Unknown,Unknown - Unknown,,
008__053,8,53,13,0.086169069,0.10130814,0.117066964,2.653925463,0.021026044,12,1,0,0.736066488,0.025878906,0.012939453,1,0.025878906,0.176782576,0.176782576,FALSE,FALSE,TRUE,FALSE,FALSE,FALSE,ROI_008,ROI_008,ROI_053,ROI_053,Unknown - Unknown,Unknown - Unknown,,
033__075,33,75,13,0.086073594,0.037483505,0.106242284,2.921085145,0.012814463,11,2,0,0.810163252,0.014404297,0.007202148,0.999755859,0.014404297,0.16304744,0.16304744,FALSE,FALSE,TRUE,FALSE,FALSE,FALSE,ROI_033,ROI_033,ROI_075,ROI_075,Unknown - Unknown,Unknown - Unknown,,
012__075,12,75,13,0.086027987,0.100342308,0.081448661,3.808267862,0.00249206,11,2,0,1.056223465,0.003173828,0.001586914,0.931640625,0.003173828,0.149465388,0.149465388,FALSE,FALSE,TRUE,FALSE,FALSE,FALSE,ROI_012,ROI_012,ROI_075,ROI_075,Unknown - Unknown,Unknown - Unknown,0.043778376,0.128648727
056__064,56,64,13,0.085909598,0.103525273,0.116569159,2.657233399,0.020897956,11,2,0,0.736983944,0.020751953,0.010375977,1,0.020751953,0.171858315,0.171858315,FALSE,FALSE,TRUE,FALSE,FALSE,FALSE,ROI_056,ROI_056,ROI_064,ROI_064,Unknown - Unknown,Unknown - Unknown,,
007__075,7,75,13,0.085837162,0.0907649,0.113894699,2.717337089,0.018699745,10,3,0,0.753653708,0.021484375,0.010742188,1,0.021484375,0.171858315,0.171858315,FALSE,FALSE,TRUE,FALSE,FALSE,FALSE,ROI_007,ROI_007,ROI_075,ROI_075,Unknown - Unknown,Unknown - Unknown,,
036__091,36,91,13,0.085758556,0.071056974,0.113098189,2.733968341,0.018132766,10,3,0,0.758266388,0.019287109,0.009643555,1,0.019287109,0.171437613,0.171437613,FALSE,FALSE,TRUE,FALSE,FALSE,FALSE,ROI_036,ROI_036,ROI_091,ROI_091,Unknown - Unknown,Unknown - Unknown,,
033__053,33,53,13,0.0856098,0.078208181,0.102200278,3.020251332,0.010657939,11,2,0,0.837667003,0.004638672,0.002319336,0.999511719,0.004638672,0.149465388,0.149465388,FALSE,FALSE,TRUE,FALSE,FALSE,FALSE,ROI_033,ROI_033,ROI_053,ROI_053,Unknown - Unknown,Unknown - Unknown,0.037481019,0.143714438
060__064,60,64,13,0.085378286,0.053222046,0.123607779,2.490424064,0.028410006,9,4,0,0.690719358,0.029296875,0.014648438,1,0.029296875,0.179419631,0.179419631,FALSE,FALSE,TRUE,FALSE,FALSE,FALSE,ROI_060,ROI_060,ROI_064,ROI_064,Unknown - Unknown,Unknown - Unknown,,
018__047,18,47,13,0.085377817,0.079844949,0.09984682,3.083063597,0.009483776,10,3,0,0.855087991,0.006347656,0.003173828,0.999511719,0.006347656,0.155758667,0.155758667,FALSE,FALSE,TRUE,FALSE,FALSE,FALSE,ROI_018,ROI_018,ROI_047,ROI_047,Unknown - Unknown,Unknown - Unknown,0.035602668,0.139579497
033__059,33,59,13,0.085236391,0.08530065,0.07928019,3.87643092,0.002202071,11,2,0,1.075128496,0.001464844,0.000732422,0.914794922,0.001464844,0.149465388,0.149465388,FALSE,FALSE,TRUE,FALSE,FALSE,FALSE,ROI_033,ROI_033,ROI_059,ROI_059,Unknown - Unknown,Unknown - Unknown,0.04688688,0.129298796
060__091,60,91,13,0.085076619,0.080903421,0.103989374,2.949802459,0.012148681,10,3,0,0.818128001,0.010986328,0.005493164,0.999755859,0.010986328,0.159627183,0.159627183,FALSE,FALSE,TRUE,FALSE,FALSE,FALSE,ROI_060,ROI_060,ROI_091,ROI_091,Unknown - Unknown,Unknown - Unknown,,
002__071,2,71,13,0.085075265,0.063450439,0.09432973,3.251819236,0.006933003,10,3,0,0.901892384,0.004150391,0.002075195,0.996826172,0.004150391,0.149465388,0.149465388,FALSE,FALSE,TRUE,FALSE,FALSE,FALSE,ROI_002,ROI_002,ROI_071,ROI_071,Unknown - Unknown,Unknown - Unknown,0.038321273,0.136118771
044__075,44,75,13,0.084958835,0.090775164,0.111278681,2.752759409,0.017512527,11,2,0,0.763478092,0.020751953,0.010375977,1,0.020751953,0.171858315,0.171858315,FALSE,FALSE,TRUE,FALSE,FALSE,FALSE,ROI_044,ROI_044,ROI_075,ROI_075,Unknown - Unknown,Unknown - Unknown,,
018__095,18,95,13,0.084939611,0.088450317,0.088559447,3.458175615,0.004733055,10,3,0,0.959125346,0.004394531,0.002197266,0.988037109,0.004394531,0.149465388,0.149465388,FALSE,FALSE,TRUE,FALSE,FALSE,FALSE,ROI_018,ROI_018,ROI_095,ROI_095,Unknown - Unknown,Unknown - Unknown,0.040215875,0.131300296
016__094,16,94,13,0.084807951,0.061310971,0.159416643,1.918114746,0.079199207,9,4,0,0.531989313,0.080810547,0.040405273,1,0.080810547,0.230521434,0.230521434,FALSE,FALSE,TRUE,FALSE,FALSE,FALSE,ROI_016,ROI_016,ROI_094,ROI_094,Unknown - Unknown,Unknown - Unknown,,
013__041,13,41,13,0.084633891,0.105087865,0.075256915,4.054801279,0.001596521,12,1,0,1.124599533,0.000732422,0.000366211,0.848144531,0.000732422,0.149465388,0.149465388,FALSE,FALSE,TRUE,FALSE,FALSE,FALSE,ROI_013,ROI_013,ROI_041,ROI_041,Unknown - Unknown,Unknown - Unknown,0.046616696,0.124740588
013__057,13,57,13,0.084620002,0.051369324,0.097520502,3.128590927,0.008714636,11,2,0,0.867715,0.002441406,0.001220703,0.999511719,0.002441406,0.149465388,0.149465388,FALSE,FALSE,TRUE,FALSE,FALSE,FALSE,ROI_013,ROI_013,ROI_057,ROI_057,Unknown - Unknown,Unknown - Unknown,0.038361751,0.139468377
007__033,7,33,13,0.084604844,0.055194018,0.124885894,2.442606551,0.031009693,9,4,0,0.677457167,0.026367188,0.013183594,1,0.026367188,0.176920096,0.176920096,FALSE,FALSE,TRUE,FALSE,FALSE,FALSE,ROI_007,ROI_007,ROI_033,ROI_033,Unknown - Unknown,Unknown - Unknown,,
017__042,17,42,13,0.084582795,0.109476327,0.113072179,2.69710556,0.019413033,10,3,0,0.748042492,0.023193359,0.01159668,1,0.023193359,0.173286214,0.173286214,FALSE,FALSE,TRUE,FALSE,FALSE,FALSE,ROI_017,ROI_017,ROI_042,ROI_042,Unknown - Unknown,Unknown - Unknown,,
016__052,16,52,13,0.084546278,0.037786281,0.130663332,2.332987657,0.037864579,9,4,0,0.647054356,0.030273438,0.015136719,1,0.030273438,0.182251236,0.182251236,FALSE,FALSE,TRUE,FALSE,FALSE,FALSE,ROI_016,ROI_016,ROI_052,ROI_052,Unknown - Unknown,Unknown - Unknown,,
053__080,53,80,13,0.08451449,0.077375455,0.081581476,3.735177939,0.002846901,11,2,0,1.035951968,0.001953125,0.000976563,0.949462891,0.001953125,0.149465388,0.149465388,FALSE,FALSE,TRUE,FALSE,FALSE,FALSE,ROI_053,ROI_053,ROI_080,ROI_080,Unknown - Unknown,Unknown - Unknown,0.044724855,0.129670076
056__059,56,59,13,0.084500181,0.072731634,0.114212444,2.667570404,0.020502605,10,3,0,0.739850913,0.015869141,0.00793457,1,0.015869141,0.166964557,0.166964557,FALSE,FALSE,TRUE,FALSE,FALSE,FALSE,ROI_056,ROI_056,ROI_059,ROI_059,Unknown - Unknown,Unknown - Unknown,,
014__075,14,75,13,0.084499288,0.10004782,0.069335058,4.394119281,0.000874364,11,2,0,1.218709414,0.002197266,0.001098633,0.695800781,0.002197266,0.149465388,0.149465388,FALSE,FALSE,TRUE,FALSE,FALSE,FALSE,ROI_014,ROI_014,ROI_075,ROI_075,Unknown - Unknown,Unknown - Unknown,0.047436909,0.120387971
060__088,60,88,13,0.084395719,0.086407414,0.098459604,3.09053744,0.00935299,10,3,0,0.857160862,0.011474609,0.005737305,0.999511719,0.011474609,0.159627183,0.159627183,FALSE,FALSE,TRUE,FALSE,FALSE,FALSE,ROI_060,ROI_060,ROI_088,ROI_088,Unknown - Unknown,Unknown - Unknown,,
014__030,14,30,13,0.084390917,0.115873283,0.109713598,2.773364316,0.016856464,10,3,0,0.769192865,0.020019531,0.010009766,1,0.020019531,0.171858315,0.171858315,FALSE,FALSE,TRUE,FALSE,FALSE,FALSE,ROI_014,ROI_014,ROI_030,ROI_030,Unknown - Unknown,Unknown - Unknown,,
013__103,13,103,13,0.08431016,0.101138596,0.076702463,3.96316617,0.001882546,11,2,0,1.099184526,0.003662109,0.001831055,0.885742188,0.003662109,0.149465388,0.149465388,FALSE,FALSE,TRUE,FALSE,FALSE,FALSE,ROI_013,ROI_013,ROI_103,ROI_103,Unknown - Unknown,Unknown - Unknown,0.043589036,0.123530608
042__064,42,64,13,0.08430823,0.062977766,0.101849176,2.984586216,0.011388279,8,5,0,0.82777528,0.016601563,0.008300781,0.999755859,0.016601563,0.168421218,0.168421218,FALSE,FALSE,TRUE,FALSE,FALSE,FALSE,ROI_042,ROI_042,ROI_064,ROI_064,Unknown - Unknown,Unknown - Unknown,,
040__050,40,50,13,0.084157956,0.073004256,0.088654515,3.422677604,0.005053523,11,2,0,0.949279969,0.003662109,0.001831055,0.990234375,0.003662109,0.149465388,0.149465388,FALSE,FALSE,TRUE,FALSE,FALSE,FALSE,ROI_040,ROI_040,ROI_050,ROI_050,Unknown - Unknown,Unknown - Unknown,0.039013709,0.131367231
038__075,38,75,13,0.084119931,0.086748192,0.07464618,4.063151298,0.001572794,11,2,0,1.126915411,0.002441406,0.001220703,0.84375,0.002441406,0.149465388,0.149465388,FALSE,FALSE,TRUE,FALSE,FALSE,FALSE,ROI_038,ROI_038,ROI_075,ROI_075,Unknown - Unknown,Unknown - Unknown,0.045081238,0.12224926
008__061,8,61,13,0.084109067,0.110541207,0.124617196,2.43352895,0.031528557,11,2,0,0.674939493,0.031494141,0.01574707,1,0.031494141,0.1839574,0.1839574,FALSE,FALSE,TRUE,FALSE,FALSE,FALSE,ROI_008,ROI_008,ROI_061,ROI_061,Unknown - Unknown,Unknown - Unknown,,
058__103,58,103,13,0.084100587,0.056688507,0.098167484,3.088894286,0.009381588,11,2,0,0.856705133,0.005615234,0.002807617,0.999511719,0.005615234,0.153155031,0.153155031,FALSE,FALSE,TRUE,FALSE,FALSE,FALSE,ROI_058,ROI_058,ROI_103,ROI_103,Unknown - Unknown,Unknown - Unknown,0.036096747,0.137833478
021__071,21,71,13,0.084085256,0.077108504,0.122832832,2.468181322,0.029591885,11,2,0,0.684550332,0.025146484,0.012573242,1,0.025146484,0.175383964,0.175383964,FALSE,FALSE,TRUE,FALSE,FALSE,FALSE,ROI_021,ROI_021,ROI_071,ROI_071,Unknown - Unknown,Unknown - Unknown,,
014__048,14,48,13,0.083814722,0.087138342,0.086582655,3.490286571,0.00446099,11,2,0,0.968031323,0.004394531,0.002197266,0.985351563,0.004394531,0.149465388,0.149465388,FALSE,FALSE,TRUE,FALSE,FALSE,FALSE,ROI_014,ROI_014,ROI_048,ROI_048,Unknown - Unknown,Unknown - Unknown,0.039262278,0.12913536
075__088,75,88,13,0.083812194,0.041390143,0.099689079,3.031316635,0.01044101,11,2,0,0.840735966,0.011230469,0.005615234,0.999511719,0.011230469,0.159627183,0.159627183,FALSE,FALSE,TRUE,FALSE,FALSE,FALSE,ROI_075,ROI_075,ROI_088,ROI_088,Unknown - Unknown,Unknown - Unknown,,
014__098,14,98,13,0.08380765,0.072568607,0.080323551,3.761944987,0.002711291,12,1,0,1.043375811,0.003173828,0.001586914,0.943603516,0.003173828,0.149465388,0.149465388,FALSE,FALSE,TRUE,FALSE,FALSE,FALSE,ROI_014,ROI_014,ROI_098,ROI_098,Unknown - Unknown,Unknown - Unknown,0.042143219,0.126157748
088__100,88,100,13,0.083789075,0.077640375,0.114321484,2.642598725,0.021470491,10,3,0,0.732925016,0.020263672,0.010131836,1,0.020263672,0.171858315,0.171858315,FALSE,FALSE,TRUE,FALSE,FALSE,FALSE,ROI_088,ROI_088,ROI_100,ROI_100,Unknown - Unknown,Unknown - Unknown,,
014__057,14,57,13,0.083490094,0.103149878,0.100373594,2.999073777,0.011085761,11,2,0,0.831793406,0.009033203,0.004516602,0.999511719,0.009033203,0.159627183,0.159627183,FALSE,FALSE,TRUE,FALSE,FALSE,FALSE,ROI_014,ROI_014,ROI_057,ROI_057,Unknown - Unknown,Unknown - Unknown,,
096__102,96,102,13,0.083486041,0.088100846,0.083378266,3.610211838,0.003578231,11,2,0,1.001292608,0.004882813,0.002441406,0.974121094,0.004882813,0.149677998,0.149677998,FALSE,FALSE,TRUE,FALSE,FALSE,FALSE,ROI_096,ROI_096,ROI_102,ROI_102,Unknown - Unknown,Unknown - Unknown,0.039782387,0.126525076
013__099,13,99,13,0.083320111,0.09018554,0.085536736,3.512115925,0.004285179,11,2,0,0.974085696,0.005859375,0.002929688,0.984130859,0.005859375,0.153155031,0.153155031,FALSE,FALSE,TRUE,FALSE,FALSE,FALSE,ROI_013,ROI_013,ROI_099,ROI_099,Unknown - Unknown,Unknown - Unknown,0.037365454,0.126640802
016__095,16,95,13,0.083259533,0.044980494,0.125492568,2.392145779,0.034002046,11,2,0,0.663461866,0.037109375,0.018554688,1,0.037109375,0.187397387,0.187397387,FALSE,FALSE,TRUE,FALSE,FALSE,FALSE,ROI_016,ROI_016,ROI_095,ROI_095,Unknown - Unknown,Unknown - Unknown,,
013__095,13,95,13,0.083148321,0.06011096,0.092659549,3.235452128,0.007146666,9,4,0,0.897352965,0.007324219,0.003662109,0.996826172,0.007324219,0.158532994,0.158532994,FALSE,FALSE,TRUE,FALSE,FALSE,FALSE,ROI_013,ROI_013,ROI_095,ROI_095,Unknown - Unknown,Unknown - Unknown,0.036645591,0.133738905
013__039,13,39,13,0.083115527,0.082868036,0.104850694,2.85813365,0.014403653,9,4,0,0.792703648,0.015625,0.0078125,1,0.015625,0.166558976,0.166558976,FALSE,FALSE,TRUE,FALSE,FALSE,FALSE,ROI_013,ROI_013,ROI_039,ROI_039,Unknown - Unknown,Unknown - Unknown,,
007__063,7,63,13,0.083106548,0.067594781,0.082617807,3.626880585,0.003470508,12,1,0,1.005915686,0.002929688,0.001464844,0.972167969,0.002929688,0.149465388,0.149465388,FALSE,FALSE,TRUE,FALSE,FALSE,FALSE,ROI_007,ROI_007,ROI_063,ROI_063,Unknown - Unknown,Unknown - Unknown,0.041825059,0.126901797
080__081,80,81,13,0.08302722,0.044826916,0.11681656,2.562640919,0.02488031,11,2,0,0.71074871,0.025390625,0.012695313,1,0.025390625,0.175383964,0.175383964,FALSE,FALSE,TRUE,FALSE,FALSE,FALSE,ROI_080,ROI_080,ROI_081,ROI_081,Unknown - Unknown,Unknown - Unknown,,
008__042,8,42,13,0.083002391,0.100759118,0.118026502,2.535611683,0.02614836,10,3,0,0.703252149,0.028320313,0.014160156,1,0.028320313,0.179419631,0.179419631,FALSE,FALSE,TRUE,FALSE,FALSE,FALSE,ROI_008,ROI_008,ROI_042,ROI_042,Unknown - Unknown,Unknown - Unknown,,
041__068,41,68,13,0.082978982,0.084933525,0.119712045,2.499205278,0.027956128,9,4,0,0.693154829,0.030273438,0.015136719,1,0.030273438,0.182251236,0.182251236,FALSE,FALSE,TRUE,FALSE,FALSE,FALSE,ROI_041,ROI_041,ROI_068,ROI_068,Unknown - Unknown,Unknown - Unknown,,
088__098,88,98,13,0.082930677,0.071129135,0.120347651,2.484558731,0.028717144,11,2,0,0.689092608,0.029296875,0.014648438,1,0.029296875,0.179419631,0.179419631,FALSE,FALSE,TRUE,FALSE,FALSE,FALSE,ROI_088,ROI_088,ROI_098,ROI_098,Unknown - Unknown,Unknown - Unknown,,
029__098,29,98,13,0.082792613,0.077315613,0.082093197,3.636269752,0.003411295,11,2,0,1.008519773,0.003662109,0.001831055,0.971191406,0.003662109,0.149465388,0.149465388,FALSE,FALSE,TRUE,FALSE,FALSE,FALSE,ROI_029,ROI_029,ROI_098,ROI_098,Unknown - Unknown,Unknown - Unknown,0.040030202,0.126265802
056__075,56,75,13,0.082768047,0.085498607,0.08655096,3.447962203,0.004823082,11,2,0,0.956292655,0.003662109,0.001831055,0.988769531,0.003662109,0.149465388,0.149465388,FALSE,FALSE,TRUE,FALSE,FALSE,FALSE,ROI_056,ROI_056,ROI_075,ROI_075,Unknown - Unknown,Unknown - Unknown,0.039673469,0.130418458
014__081,14,81,13,0.082698952,0.069246547,0.099442013,2.998484296,0.011097912,11,2,0,0.831629914,0.009277344,0.004638672,0.999511719,0.009277344,0.159627183,0.159627183,FALSE,FALSE,TRUE,FALSE,FALSE,FALSE,ROI_014,ROI_014,ROI_081,ROI_081,Unknown - Unknown,Unknown - Unknown,,
063__094,63,94,13,0.08252581,0.057521749,0.096161148,3.094295836,0.009287907,12,1,0,0.858203254,0.010253906,0.005126953,0.999511719,0.010253906,0.159627183,0.159627183,FALSE,FALSE,TRUE,FALSE,FALSE,FALSE,ROI_063,ROI_063,ROI_094,ROI_094,Unknown - Unknown,Unknown - Unknown,,
061__101,61,101,13,0.082505035,0.090163156,0.11149601,2.668042889,0.020484711,10,3,0,0.739981957,0.017822266,0.008911133,1,0.017822266,0.171145286,0.171145286,FALSE,FALSE,TRUE,FALSE,FALSE,FALSE,ROI_061,ROI_061,ROI_101,ROI_101,Unknown - Unknown,Unknown - Unknown,,
059__067,59,67,13,0.082412754,0.071713882,0.084373011,3.521782729,0.004209594,10,3,0,0.976766785,0.004394531,0.002197266,0.983154297,0.004394531,0.149465388,0.149465388,FALSE,FALSE,TRUE,FALSE,FALSE,FALSE,ROI_059,ROI_059,ROI_067,ROI_067,Unknown - Unknown,Unknown - Unknown,0.038564459,0.127183185
064__074,64,74,13,0.082376819,0.06726144,0.069068111,4.300303626,0.001031341,11,2,0,1.192689632,0.001220703,0.000610352,0.7421875,0.001220703,0.149465388,0.149465388,FALSE,FALSE,TRUE,FALSE,FALSE,FALSE,ROI_064,ROI_064,ROI_074,ROI_074,Unknown - Unknown,Unknown - Unknown,0.047520756,0.119272294
060__075,60,75,13,0.082372128,0.077120141,0.094578433,3.140218371,0.008528455,11,2,0,0.870939873,0.010253906,0.005126953,0.999267578,0.010253906,0.159627183,0.159627183,FALSE,FALSE,TRUE,FALSE,FALSE,FALSE,ROI_060,ROI_060,ROI_075,ROI_075,Unknown - Unknown,Unknown - Unknown,,
029__060,29,60,13,0.082343053,0.093332304,0.1024588,2.897673039,0.013384034,11,2,0,0.803669902,0.014404297,0.007202148,1,0.014404297,0.16304744,0.16304744,FALSE,FALSE,TRUE,FALSE,FALSE,FALSE,ROI_029,ROI_029,ROI_060,ROI_060,Unknown - Unknown,Unknown - Unknown,,
041__094,41,94,13,0.082230709,0.096839265,0.116704621,2.540490971,0.02591489,11,2,0,0.70460542,0.027099609,0.013549805,1,0.027099609,0.177461761,0.177461761,FALSE,FALSE,TRUE,FALSE,FALSE,FALSE,ROI_041,ROI_041,ROI_094,ROI_094,Unknown - Unknown,Unknown - Unknown,,
053__060,53,60,13,0.082206866,0.080969663,0.090766077,3.265548977,0.006758752,12,1,0,0.905700329,0.007080078,0.003540039,0.99609375,0.007080078,0.157455384,0.157455384,FALSE,FALSE,TRUE,FALSE,FALSE,FALSE,ROI_053,ROI_053,ROI_060,ROI_060,Unknown - Unknown,Unknown - Unknown,0.033986486,0.128791482
064__068,64,68,13,0.082049655,0.071804988,0.067250784,4.398970854,0.000866955,12,1,0,1.220054998,0.001220703,0.000610352,0.693359375,0.001220703,0.149465388,0.149465388,FALSE,FALSE,TRUE,FALSE,FALSE,FALSE,ROI_064,ROI_064,ROI_068,ROI_068,Unknown - Unknown,Unknown - Unknown,0.047688574,0.117785508
041__064,41,64,13,0.081950149,0.104113281,0.107883295,2.738843543,0.017969799,11,2,0,0.759618525,0.020996094,0.010498047,1,0.020996094,0.171858315,0.171858315,FALSE,FALSE,TRUE,FALSE,FALSE,FALSE,ROI_041,ROI_041,ROI_064,ROI_064,Unknown - Unknown,Unknown - Unknown,,
004__042,4,42,13,0.081925274,0.067766648,0.088530269,3.336551206,0.005925804,10,3,0,0.925392804,0.007080078,0.003540039,0.993652344,0.007080078,0.157455384,0.157455384,FALSE,FALSE,TRUE,FALSE,FALSE,FALSE,ROI_004,ROI_004,ROI_042,ROI_042,Unknown - Unknown,Unknown - Unknown,0.036427137,0.128656753
056__091,56,91,13,0.081882565,0.061687062,0.074721883,3.951075309,0.001924054,11,2,0,1.095831125,0.001464844,0.000732422,0.889160156,0.001464844,0.149465388,0.149465388,FALSE,FALSE,TRUE,FALSE,FALSE,FALSE,ROI_056,ROI_056,ROI_091,ROI_091,Unknown - Unknown,Unknown - Unknown,0.044059414,0.121341296
009__050,9,50,13,0.081755938,0.085131856,0.108871147,2.707560567,0.019041149,9,4,0,0.750942189,0.014404297,0.007202148,1,0.014404297,0.16304744,0.16304744,FALSE,FALSE,TRUE,FALSE,FALSE,FALSE,ROI_009,ROI_009,ROI_050,ROI_050,Unknown - Unknown,Unknown - Unknown,,
047__080,47,80,13,0.081652944,0.08998697,0.067368868,4.370028575,0.000912141,12,1,0,1.212027854,0.001464844,0.000732422,0.708007813,0.001464844,0.149465388,0.149465388,FALSE,FALSE,TRUE,FALSE,FALSE,FALSE,ROI_047,ROI_047,ROI_080,ROI_080,Unknown - Unknown,Unknown - Unknown,0.046643315,0.116986915
011__056,11,56,13,0.081602815,0.101096705,0.106075062,2.773725776,0.016845174,10,3,0,0.769293116,0.018310547,0.009155273,1,0.018310547,0.171145286,0.171145286,FALSE,FALSE,TRUE,FALSE,FALSE,FALSE,ROI_011,ROI_011,ROI_056,ROI_056,Unknown - Unknown,Unknown - Unknown,,
039__041,39,41,13,0.081594036,0.115350608,0.117096971,2.512374814,0.027288596,11,2,0,0.696807401,0.029541016,0.014770508,1,0.029541016,0.180524892,0.180524892,FALSE,FALSE,TRUE,FALSE,FALSE,FALSE,ROI_039,ROI_039,ROI_041,ROI_041,Unknown - Unknown,Unknown - Unknown,,
063__098,63,98,13,0.081443027,0.061346609,0.096230533,3.051495216,0.010056734,11,2,0,0.846332498,0.0078125,0.00390625,0.999511719,0.0078125,0.158798163,0.158798163,FALSE,FALSE,TRUE,FALSE,FALSE,FALSE,ROI_063,ROI_063,ROI_098,ROI_098,Unknown - Unknown,Unknown - Unknown,0.032958345,0.133928434
071__095,71,95,13,0.081378034,0.051464799,0.108868722,2.695105347,0.019484991,11,2,0,0.747487732,0.012695313,0.006347656,1,0.012695313,0.162884881,0.162884881,FALSE,FALSE,TRUE,FALSE,FALSE,FALSE,ROI_071,ROI_071,ROI_095,ROI_095,Unknown - Unknown,Unknown - Unknown,,
018__066,18,66,13,0.081374338,0.10070255,0.12974121,2.261419845,0.043100346,10,3,0,0.627205016,0.045166016,0.022583008,1,0.045166016,0.196725403,0.196725403,FALSE,FALSE,TRUE,FALSE,FALSE,FALSE,ROI_018,ROI_018,ROI_066,ROI_066,Unknown - Unknown,Unknown - Unknown,,
024__042,24,42,13,0.081367068,0.06361364,0.084769093,3.46085024,0.004709763,11,2,0,0.959867154,0.004638672,0.002319336,0.988037109,0.004638672,0.149465388,0.149465388,FALSE,FALSE,TRUE,FALSE,FALSE,FALSE,ROI_024,ROI_024,ROI_042,ROI_042,Unknown - Unknown,Unknown - Unknown,0.038495971,0.12696227
050__058,50,58,13,0.081359845,0.079304132,0.111016414,2.64237587,0.021479328,9,4,0,0.732863207,0.019042969,0.009521484,1,0.019042969,0.171145286,0.171145286,FALSE,FALSE,TRUE,FALSE,FALSE,FALSE,ROI_050,ROI_050,ROI_058,ROI_058,Unknown - Unknown,Unknown - Unknown,,
101__104,101,104,13,0.08129878,0.088934199,0.11659807,2.513994612,0.027207569,9,4,0,0.697256652,0.018554688,0.009277344,1,0.018554688,0.171145286,0.171145286,FALSE,FALSE,TRUE,FALSE,FALSE,FALSE,ROI_101,ROI_101,ROI_104,ROI_104,Unknown - Unknown,Unknown - Unknown,,
058__091,58,91,13,0.081231165,0.085753134,0.10264928,2.853240953,0.01453507,9,4,0,0.791346658,0.006347656,0.003173828,1,0.006347656,0.155758667,0.155758667,FALSE,FALSE,TRUE,FALSE,FALSE,FALSE,ROI_058,ROI_058,ROI_091,ROI_091,Unknown - Unknown,Unknown - Unknown,0.031804034,0.137548053
063__101,63,101,13,0.081074703,0.084521779,0.109544162,2.668503693,0.020467274,10,3,0,0.740109761,0.016357422,0.008178711,1,0.016357422,0.167744918,0.167744918,FALSE,FALSE,TRUE,FALSE,FALSE,FALSE,ROI_063,ROI_063,ROI_101,ROI_101,Unknown - Unknown,Unknown - Unknown,,
052__053,52,53,13,0.081074575,0.064844442,0.162823808,1.795305876,0.097811249,9,4,0,0.497928261,0.098144531,0.049072266,1,0.098144531,0.246928854,0.246928854,FALSE,FALSE,TRUE,FALSE,FALSE,FALSE,ROI_052,ROI_052,ROI_053,ROI_053,Unknown - Unknown,Unknown - Unknown,,
101__105,101,105,13,0.081066125,0.094713923,0.100448213,2.90983842,0.013084999,10,3,0,0.807043971,0.015869141,0.00793457,0.999755859,0.015869141,0.166964557,0.166964557,FALSE,FALSE,TRUE,FALSE,FALSE,FALSE,ROI_101,ROI_101,ROI_105,ROI_105,Unknown - Unknown,Unknown - Unknown,,
004__008,4,8,13,0.081063782,0.107011641,0.10864662,2.690186057,0.019663079,10,3,0,0.746123367,0.023681641,0.01184082,1,0.023681641,0.173286214,0.173286214,FALSE,FALSE,TRUE,FALSE,FALSE,FALSE,ROI_004,ROI_004,ROI_008,ROI_008,Unknown - Unknown,Unknown - Unknown,,
018__094,18,94,13,0.080784209,0.088302278,0.130408629,2.233530175,0.045321933,8,5,0,0.619469813,0.048095703,0.024047852,1,0.048095703,0.199807036,0.199807036,FALSE,FALSE,TRUE,FALSE,FALSE,FALSE,ROI_018,ROI_018,ROI_094,ROI_094,Unknown - Unknown,Unknown - Unknown,,
014__059,14,59,13,0.080781939,0.063844423,0.084801327,3.434656462,0.004942986,11,2,0,0.952602307,0.005371094,0.002685547,0.989746094,0.005371094,0.153155031,0.153155031,FALSE,FALSE,TRUE,FALSE,FALSE,FALSE,ROI_014,ROI_014,ROI_059,ROI_059,Unknown - Unknown,Unknown - Unknown,0.037161498,0.125747102
053__075,53,75,13,0.08076948,0.066551177,0.109657163,2.655717994,0.020956539,11,2,0,0.736563646,0.022216797,0.011108398,1,0.022216797,0.173286214,0.173286214,FALSE,FALSE,TRUE,FALSE,FALSE,FALSE,ROI_053,ROI_053,ROI_075,ROI_075,Unknown - Unknown,Unknown - Unknown,,
091__098,91,98,13,0.080727252,0.07130457,0.079776272,3.648531582,0.003335518,11,2,0,1.011920592,0.004150391,0.002075195,0.968017578,0.004150391,0.149465388,0.149465388,FALSE,FALSE,TRUE,FALSE,FALSE,FALSE,ROI_091,ROI_091,ROI_098,ROI_098,Unknown - Unknown,Unknown - Unknown,0.039132392,0.121848501
010__091,10,91,13,0.080721743,0.092312653,0.06867622,4.237949954,0.00115164,12,1,0,1.175395835,0.001708984,0.000854492,0.771240234,0.001708984,0.149465388,0.149465388,FALSE,FALSE,TRUE,FALSE,FALSE,FALSE,ROI_010,ROI_010,ROI_091,ROI_091,Unknown - Unknown,Unknown - Unknown,0.045130376,0.116553369
041__050,41,50,13,0.080698585,0.084265867,0.102992791,2.825080106,0.015314909,10,3,0,0.783536245,0.012939453,0.006469727,1,0.012939453,0.16304744,0.16304744,FALSE,FALSE,TRUE,FALSE,FALSE,FALSE,ROI_041,ROI_041,ROI_050,ROI_050,Unknown - Unknown,Unknown - Unknown,,
008__077,8,77,13,0.080672144,0.085712127,0.113122055,2.571271823,0.024488174,11,2,0,0.713142492,0.028076172,0.014038086,1,0.028076172,0.179301769,0.179301769,FALSE,FALSE,TRUE,FALSE,FALSE,FALSE,ROI_008,ROI_008,ROI_077,ROI_077,Unknown - Unknown,Unknown - Unknown,,
030__041,30,41,13,0.080601815,0.065233302,0.105076074,2.765748339,0.017096081,9,4,0,0.767080573,0.01953125,0.009765625,1,0.01953125,0.171723595,0.171723595,FALSE,FALSE,TRUE,FALSE,FALSE,FALSE,ROI_030,ROI_030,ROI_041,ROI_041,Unknown - Unknown,Unknown - Unknown,,
013__052,13,52,13,0.080558133,0.089245801,0.09063501,3.204683027,0.007566495,10,3,0,0.888819152,0.009033203,0.004516602,0.998046875,0.009033203,0.159627183,0.159627183,FALSE,FALSE,TRUE,FALSE,FALSE,FALSE,ROI_013,ROI_013,ROI_052,ROI_052,Unknown - Unknown,Unknown - Unknown,,
047__066,47,66,13,0.08048058,0.096560926,0.085841789,3.380368235,0.005464437,10,3,0,0.937545462,0.007568359,0.00378418,0.991455078,0.007568359,0.158798163,0.158798163,FALSE,FALSE,TRUE,FALSE,FALSE,FALSE,ROI_047,ROI_047,ROI_066,ROI_066,Unknown - Unknown,Unknown - Unknown,0.035048535,0.123710799
062__101,62,101,13,0.080445685,0.072992845,0.104045521,2.78773213,0.016413416,10,3,0,0.77317778,0.013427734,0.006713867,1,0.013427734,0.16304744,0.16304744,FALSE,FALSE,TRUE,FALSE,FALSE,FALSE,ROI_062,ROI_062,ROI_101,ROI_101,Unknown - Unknown,Unknown - Unknown,,
033__051,33,51,13,0.080436387,0.047353254,0.135173683,2.145517602,0.05306614,11,2,0,0.595059517,0.033935547,0.016967773,1,0.033935547,0.185567994,0.185567994,FALSE,FALSE,TRUE,FALSE,FALSE,FALSE,ROI_033,ROI_033,ROI_051,ROI_051,Unknown - Unknown,Unknown - Unknown,,
011__042,11,42,13,0.080317287,0.105273847,0.097085166,2.982825366,0.011425606,10,3,0,0.827286908,0.014648438,0.007324219,0.999755859,0.014648438,0.164823986,0.164823986,FALSE,FALSE,TRUE,FALSE,FALSE,FALSE,ROI_011,ROI_011,ROI_042,ROI_042,Unknown - Unknown,Unknown - Unknown,,
008__058,8,58,13,0.080286882,0.058158437,0.123569819,2.342630856,0.037207445,10,3,0,0.649728898,0.031738281,0.015869141,1,0.031738281,0.1839574,0.1839574,FALSE,FALSE,TRUE,FALSE,FALSE,FALSE,ROI_008,ROI_008,ROI_058,ROI_058,Unknown - Unknown,Unknown - Unknown,,
066__092,66,92,13,0.080268693,0.091291811,0.082072528,3.52630651,0.004174691,11,2,0,0.978021457,0.005615234,0.002807617,0.982910156,0.005615234,0.153155031,0.153155031,FALSE,FALSE,TRUE,FALSE,FALSE,FALSE,ROI_066,ROI_066,ROI_092,ROI_092,Unknown - Unknown,Unknown - Unknown,0.035570852,0.122252574
011__025,11,25,13,0.08026044,0.114638588,0.108856008,2.658402941,0.020852853,9,4,0,0.737308317,0.021728516,0.010864258,1,0.021728516,0.171858315,0.171858315,FALSE,FALSE,TRUE,FALSE,FALSE,FALSE,ROI_011,ROI_011,ROI_025,ROI_025,Unknown - Unknown,Unknown - Unknown,,
071__102,71,102,13,0.080171036,0.079945962,0.102731706,2.813744562,0.015640394,9,4,0,0.78039233,0.020019531,0.010009766,1,0.020019531,0.171858315,0.171858315,FALSE,FALSE,TRUE,FALSE,FALSE,FALSE,ROI_071,ROI_071,ROI_102,ROI_102,Unknown - Unknown,Unknown - Unknown,,
064__095,64,95,13,0.080166675,0.046054395,0.127149638,2.273266843,0.042188364,9,4,0,0.630490782,0.036621094,0.018310547,1,0.036621094,0.187397387,0.187397387,FALSE,FALSE,TRUE,FALSE,FALSE,FALSE,ROI_064,ROI_064,ROI_095,ROI_095,Unknown - Unknown,Unknown - Unknown,,
005__053,5,53,13,0.080096277,0.058037376,0.115952831,2.49059236,0.028401241,9,4,0,0.690766036,0.030517578,0.015258789,1,0.030517578,0.182558213,0.182558213,FALSE,FALSE,TRUE,FALSE,FALSE,FALSE,ROI_005,ROI_005,ROI_053,ROI_053,Unknown - Unknown,Unknown - Unknown,,
060__084,60,84,13,0.080024843,0.083891213,0.102256729,2.821659563,0.015412412,11,2,0,0.782587557,0.01171875,0.005859375,1,0.01171875,0.159627183,0.159627183,FALSE,FALSE,TRUE,FALSE,FALSE,FALSE,ROI_060,ROI_060,ROI_084,ROI_084,Unknown - Unknown,Unknown - Unknown,,
075__103,75,103,13,0.079977968,0.111525791,0.090066727,3.201678051,0.007608807,10,3,0,0.887985721,0.010986328,0.005493164,0.998046875,0.010986328,0.159627183,0.159627183,FALSE,FALSE,TRUE,FALSE,FALSE,FALSE,ROI_075,ROI_075,ROI_103,ROI_103,Unknown - Unknown,Unknown - Unknown,,
064__077,64,77,13,0.079965597,0.055179501,0.122199798,2.359415193,0.036089682,10,3,0,0.654384035,0.037841797,0.018920898,1,0.037841797,0.187511854,0.187511854,FALSE,FALSE,TRUE,FALSE,FALSE,FALSE,ROI_064,ROI_064,ROI_077,ROI_077,Unknown - Unknown,Unknown - Unknown,,
047__071,47,71,13,0.079950069,0.084122524,0.094466312,3.051501293,0.01005662,9,4,0,0.846334183,0.011474609,0.005737305,0.999511719,0.011474609,0.159627183,0.159627183,FALSE,FALSE,TRUE,FALSE,FALSE,FALSE,ROI_047,ROI_047,ROI_071,ROI_071,Unknown - Unknown,Unknown - Unknown,,
048__098,48,98,13,0.079936034,0.078125237,0.083843188,3.437529928,0.004916838,10,3,0,0.953399263,0.004882813,0.002441406,0.989746094,0.004882813,0.149677998,0.149677998,FALSE,FALSE,TRUE,FALSE,FALSE,FALSE,ROI_048,ROI_048,ROI_098,ROI_098,Unknown - Unknown,Unknown - Unknown,0.036758731,0.123965029
009__053,9,53,13,0.079889337,0.090011514,0.114505118,2.515565304,0.027129222,11,2,0,0.697692284,0.029052734,0.014526367,1,0.029052734,0.179419631,0.179419631,FALSE,FALSE,TRUE,FALSE,FALSE,FALSE,ROI_009,ROI_009,ROI_053,ROI_053,Unknown - Unknown,Unknown - Unknown,,
020__101,20,101,13,0.079827934,0.088727314,0.092422285,3.114224137,0.008950333,9,4,0,0.86373037,0.010498047,0.005249023,0.999511719,0.010498047,0.159627183,0.159627183,FALSE,FALSE,TRUE,FALSE,FALSE,FALSE,ROI_020,ROI_020,ROI_101,ROI_101,Unknown - Unknown,Unknown - Unknown,,
029__063,29,63,13,0.079795984,0.087758759,0.112877548,2.548855073,0.025519387,10,3,0,0.706925205,0.026611328,0.013305664,1,0.026611328,0.176920096,0.176920096,FALSE,FALSE,TRUE,FALSE,FALSE,FALSE,ROI_029,ROI_029,ROI_063,ROI_063,Unknown - Unknown,Unknown - Unknown,,
030__058,30,58,13,0.079791128,0.059135714,0.112133594,2.565609406,0.024744754,10,3,0,0.71157202,0.023681641,0.01184082,1,0.023681641,0.173286214,0.173286214,FALSE,FALSE,TRUE,FALSE,FALSE,FALSE,ROI_030,ROI_030,ROI_058,ROI_058,Unknown - Unknown,Unknown - Unknown,,
011__080,11,80,13,0.079777489,0.107225579,0.118784875,2.421535806,0.032226941,10,3,0,0.671613193,0.03515625,0.017578125,1,0.03515625,0.185790567,0.185790567,FALSE,FALSE,TRUE,FALSE,FALSE,FALSE,ROI_011,ROI_011,ROI_080,ROI_080,Unknown - Unknown,Unknown - Unknown,,
062__075,62,75,13,0.079745636,0.076844932,0.084148382,3.416904426,0.00510769,11,2,0,0.947678778,0.004394531,0.002197266,0.990234375,0.004394531,0.149465388,0.149465388,FALSE,FALSE,TRUE,FALSE,FALSE,FALSE,ROI_062,ROI_062,ROI_075,ROI_075,Unknown - Unknown,Unknown - Unknown,0.036628447,0.124676481
007__094,7,94,13,0.07971608,0.105263531,0.10038239,2.863255338,0.01426735,11,2,0,0.794124149,0.018554688,0.009277344,1,0.018554688,0.171145286,0.171145286,FALSE,FALSE,TRUE,FALSE,FALSE,FALSE,ROI_007,ROI_007,ROI_094,ROI_094,Unknown - Unknown,Unknown - Unknown,,
014__077,14,77,13,0.079677603,0.099456525,0.091309397,3.146244471,0.008433542,11,2,0,0.872611213,0.010498047,0.005249023,0.999267578,0.010498047,0.159627183,0.159627183,FALSE,FALSE,TRUE,FALSE,FALSE,FALSE,ROI_014,ROI_014,ROI_077,ROI_077,Unknown - Unknown,Unknown - Unknown,,
014__016,14,16,13,0.079657223,0.056973552,0.076876199,3.735983387,0.00284272,12,1,0,1.036175359,0.000732422,0.000366211,0.94921875,0.000732422,0.149465388,0.149465388,FALSE,FALSE,TRUE,FALSE,FALSE,FALSE,ROI_014,ROI_014,ROI_016,ROI_016,Unknown - Unknown,Unknown - Unknown,0.042349347,0.123290174
004__052,4,52,13,0.079566902,0.117442237,0.125348581,2.288678027,0.041029512,8,5,0,0.634765075,0.043701172,0.021850586,1,0.043701172,0.195294993,0.195294993,FALSE,FALSE,TRUE,FALSE,FALSE,FALSE,ROI_004,ROI_004,ROI_052,ROI_052,Unknown - Unknown,Unknown - Unknown,,
004__013,4,13,13,0.079499079,0.068474024,0.076895902,3.727610948,0.002886485,11,2,0,1.033853262,0.004882813,0.002441406,0.952880859,0.004882813,0.149677998,0.149677998,FALSE,FALSE,TRUE,FALSE,FALSE,FALSE,ROI_004,ROI_004,ROI_013,ROI_013,Unknown - Unknown,Unknown - Unknown,0.038560228,0.118842523
004__060,4,60,13,0.079493144,0.074699813,0.098503887,2.909698434,0.013088402,11,2,0,0.807005146,0.015625,0.0078125,0.999755859,0.015625,0.166558976,0.166558976,FALSE,FALSE,TRUE,FALSE,FALSE,FALSE,ROI_004,ROI_004,ROI_060,ROI_060,Unknown - Unknown,Unknown - Unknown,,
009__101,9,101,13,0.079469117,0.06009858,0.104437205,2.743562293,0.017813438,10,3,0,0.760927271,0.018554688,0.009277344,1,0.018554688,0.171145286,0.171145286,FALSE,FALSE,TRUE,FALSE,FALSE,FALSE,ROI_009,ROI_009,ROI_101,ROI_101,Unknown - Unknown,Unknown - Unknown,,
050__060,50,60,13,0.079462546,0.096949012,0.099337551,2.884168978,0.013723939,11,2,0,0.799924549,0.017333984,0.008666992,1,0.017333984,0.171145286,0.171145286,FALSE,FALSE,TRUE,FALSE,FALSE,FALSE,ROI_050,ROI_050,ROI_060,ROI_060,Unknown - Unknown,Unknown - Unknown,,
018__080,18,80,13,0.079423524,0.098358972,0.092254774,3.104073373,0.009120713,11,2,0,0.860915055,0.011230469,0.005615234,0.999511719,0.011230469,0.159627183,0.159627183,FALSE,FALSE,TRUE,FALSE,FALSE,FALSE,ROI_018,ROI_018,ROI_080,ROI_080,Unknown - Unknown,Unknown - Unknown,,
007__008,7,8,13,0.079250105,0.125931721,0.103039176,2.773123086,0.016864002,10,3,0,0.76912596,0.021240234,0.010620117,1,0.021240234,0.171858315,0.171858315,FALSE,FALSE,TRUE,FALSE,FALSE,FALSE,ROI_007,ROI_007,ROI_008,ROI_008,Unknown - Unknown,Unknown - Unknown,,
041__080,41,80,13,0.07918793,0.09158715,0.081235276,3.514681731,0.004264983,10,3,0,0.974797323,0.004882813,0.002441406,0.983886719,0.004882813,0.149677998,0.149677998,FALSE,FALSE,TRUE,FALSE,FALSE,FALSE,ROI_041,ROI_041,ROI_080,ROI_080,Unknown - Unknown,Unknown - Unknown,0.037007686,0.121819704
019__059,19,59,13,0.079163739,0.046424947,0.086732226,3.290921184,0.006448301,11,2,0,0.912737313,0.001953125,0.000976563,0.995117188,0.001953125,0.149465388,0.149465388,FALSE,FALSE,TRUE,FALSE,FALSE,FALSE,ROI_019,ROI_019,ROI_059,ROI_059,Unknown - Unknown,Unknown - Unknown,0.038036617,0.128388097
075__083,75,83,13,0.079004705,0.094609398,0.11278575,2.525633921,0.026632178,9,4,0,0.700484816,0.027099609,0.013549805,1,0.027099609,0.177461761,0.177461761,FALSE,FALSE,TRUE,FALSE,FALSE,FALSE,ROI_075,ROI_075,ROI_083,ROI_083,Unknown - Unknown,Unknown - Unknown,,
075__078,75,78,13,0.078854294,0.056414798,0.086725255,3.278320718,0.006600634,12,1,0,0.909242573,0.003662109,0.001831055,0.995361328,0.003662109,0.149465388,0.149465388,FALSE,FALSE,TRUE,FALSE,FALSE,FALSE,ROI_075,ROI_075,ROI_078,ROI_078,Unknown - Unknown,Unknown - Unknown,0.035720764,0.12594756
007__102,7,102,13,0.078807179,0.065628828,0.089425673,3.177424519,0.007959158,10,3,0,0.881259002,0.009033203,0.004516602,0.998779297,0.009033203,0.159627183,0.159627183,FALSE,FALSE,TRUE,FALSE,FALSE,FALSE,ROI_007,ROI_007,ROI_102,ROI_102,Unknown - Unknown,Unknown - Unknown,,
019__060,19,60,13,0.078728855,0.047560837,0.094818545,2.993727894,0.011196444,10,3,0,0.830310725,0.005371094,0.002685547,0.999755859,0.005371094,0.153155031,0.153155031,FALSE,FALSE,TRUE,FALSE,FALSE,FALSE,ROI_019,ROI_019,ROI_060,ROI_060,Unknown - Unknown,Unknown - Unknown,0.032010619,0.13063561
013__102,13,102,13,0.078712487,0.10631111,0.091042002,3.117263488,0.008899942,10,3,0,0.864573334,0.007080078,0.003540039,0.999511719,0.007080078,0.157455384,0.157455384,FALSE,FALSE,TRUE,FALSE,FALSE,FALSE,ROI_013,ROI_013,ROI_102,ROI_102,Unknown - Unknown,Unknown - Unknown,0.031365215,0.126185046
009__071,9,71,13,0.078639264,0.112108155,0.108997428,2.601326497,0.023169184,10,3,0,0.721478159,0.025878906,0.012939453,1,0.025878906,0.176782576,0.176782576,FALSE,FALSE,TRUE,FALSE,FALSE,FALSE,ROI_009,ROI_009,ROI_071,ROI_071,Unknown - Unknown,Unknown - Unknown,,
050__103,50,103,13,0.07858171,0.086390164,0.06938246,4.083602444,0.00151621,12,1,0,1.132587538,0.002197266,0.001098633,0.833496094,0.002197266,0.149465388,0.149465388,FALSE,FALSE,TRUE,FALSE,FALSE,FALSE,ROI_050,ROI_050,ROI_103,ROI_103,Unknown - Unknown,Unknown - Unknown,0.042595123,0.114548055
007__056,7,56,13,0.078578675,0.087656679,0.075913284,3.73214581,0.002862695,11,2,0,1.035111007,0.004638672,0.002319336,0.949951172,0.004638672,0.149465388,0.149465388,FALSE,FALSE,TRUE,FALSE,FALSE,FALSE,ROI_007,ROI_007,ROI_056,ROI_056,Unknown - Unknown,Unknown - Unknown,0.037925117,0.116939188
058__104,58,104,13,0.078575787,0.043329045,0.109653571,2.583673525,0.023935254,8,5,0,0.716582106,0.028564453,0.014282227,1,0.028564453,0.179419631,0.179419631,FALSE,FALSE,TRUE,FALSE,FALSE,FALSE,ROI_058,ROI_058,ROI_104,ROI_104,Unknown - Unknown,Unknown - Unknown,,
007__101,7,101,13,0.078548823,0.077252715,0.105886565,2.674671822,0.020235268,10,3,0,0.741820492,0.019287109,0.009643555,1,0.019287109,0.171437613,0.171437613,FALSE,FALSE,TRUE,FALSE,FALSE,FALSE,ROI_007,ROI_007,ROI_101,ROI_101,Unknown - Unknown,Unknown - Unknown,,
059__072,59,72,13,0.078510871,0.062830217,0.119474148,2.369340774,0.035443926,10,3,0,0.657136896,0.038330078,0.019165039,1,0.038330078,0.187511854,0.187511854,FALSE,FALSE,TRUE,FALSE,FALSE,FALSE,ROI_059,ROI_059,ROI_072,ROI_072,Unknown - Unknown,Unknown - Unknown,,
042__101,42,101,13,0.07849497,0.075603671,0.102005017,2.774546271,0.016819575,10,3,0,0.76952068,0.014648438,0.007324219,1,0.014648438,0.164823986,0.164823986,FALSE,FALSE,TRUE,FALSE,FALSE,FALSE,ROI_042,ROI_042,ROI_101,ROI_101,Unknown - Unknown,Unknown - Unknown,,
007__009,7,9,13,0.078439052,0.08736885,0.086505741,3.269332432,0.006711517,11,2,0,0.906749671,0.008789063,0.004394531,0.99609375,0.008789063,0.159627183,0.159627183,FALSE,FALSE,TRUE,FALSE,FALSE,FALSE,ROI_007,ROI_007,ROI_009,ROI_009,Unknown - Unknown,Unknown - Unknown,0.032033147,0.122184238
008__087,8,87,13,0.07842679,0.076508165,0.1099242,2.572425482,0.024436218,10,3,0,0.71346246,0.026611328,0.013305664,1,0.026611328,0.176920096,0.176920096,FALSE,FALSE,TRUE,FALSE,FALSE,FALSE,ROI_008,ROI_008,ROI_087,ROI_087,Unknown - Unknown,Unknown - Unknown,,
033__052,33,52,13,0.078423432,0.065908477,0.120602219,2.344564717,0.037076985,10,3,0,0.650265254,0.033691406,0.016845703,1,0.033691406,0.185567994,0.185567994,FALSE,FALSE,TRUE,FALSE,FALSE,FALSE,ROI_033,ROI_033,ROI_052,ROI_052,Unknown - Unknown,Unknown - Unknown,,
047__063,47,63,13,0.078415502,0.108362597,0.08823829,3.204177121,0.007573602,10,3,0,0.888678839,0.008544922,0.004272461,0.998046875,0.008544922,0.159627183,0.159627183,FALSE,FALSE,TRUE,FALSE,FALSE,FALSE,ROI_047,ROI_047,ROI_063,ROI_063,Unknown - Unknown,Unknown - Unknown,0.031870016,0.124078761
009__080,9,80,13,0.078404517,0.075575798,0.106214773,2.661508338,0.020733557,8,5,0,0.738169599,0.019775391,0.009887695,1,0.019775391,0.171858315,0.171858315,FALSE,FALSE,TRUE,FALSE,FALSE,FALSE,ROI_009,ROI_009,ROI_080,ROI_080,Unknown - Unknown,Unknown - Unknown,,
056__071,56,71,13,0.078401096,0.115754003,0.090876313,3.110592411,0.009010921,9,4,0,0.86272311,0.012207031,0.006103516,0.999511719,0.012207031,0.160245542,0.160245542,FALSE,FALSE,TRUE,FALSE,FALSE,FALSE,ROI_056,ROI_056,ROI_071,ROI_071,Unknown - Unknown,Unknown - Unknown,,
025__080,25,80,13,0.0783928,0.085404459,0.084533747,3.343626313,0.005848717,10,3,0,0.927355086,0.004394531,0.002197266,0.993408203,0.004394531,0.149465388,0.149465388,FALSE,FALSE,TRUE,FALSE,FALSE,FALSE,ROI_025,ROI_025,ROI_080,ROI_080,Unknown - Unknown,Unknown - Unknown,0.036247713,0.124006946
046__075,46,75,13,0.078360923,0.045382944,0.109442945,2.581567292,0.024028292,11,2,0,0.715997942,0.014404297,0.007202148,1,0.014404297,0.16304744,0.16304744,FALSE,FALSE,TRUE,FALSE,FALSE,FALSE,ROI_046,ROI_046,ROI_075,ROI_075,Unknown - Unknown,Unknown - Unknown,,
008__094,8,94,13,0.078348154,0.117023089,0.114429396,2.468668861,0.029565476,10,3,0,0.684685551,0.033935547,0.016967773,1,0.033935547,0.185567994,0.185567994,FALSE,FALSE,TRUE,FALSE,FALSE,FALSE,ROI_008,ROI_008,ROI_094,ROI_094,Unknown - Unknown,Unknown - Unknown,,
014__080,14,80,13,0.078309418,0.066627701,0.080367547,3.51321687,0.004276501,11,2,0,0.974391044,0.005371094,0.002685547,0.984130859,0.005371094,0.153155031,0.153155031,FALSE,FALSE,TRUE,FALSE,FALSE,FALSE,ROI_014,ROI_014,ROI_080,ROI_080,Unknown - Unknown,Unknown - Unknown,0.036362968,0.120324773
022__042,22,42,13,0.078210206,0.051257922,0.093244352,3.024214348,0.010579733,11,2,0,0.838766146,0.00390625,0.001953125,0.999511719,0.00390625,0.149465388,0.149465388,FALSE,FALSE,TRUE,FALSE,FALSE,FALSE,ROI_022,ROI_022,ROI_042,ROI_042,Unknown - Unknown,Unknown - Unknown,0.033252895,0.129869542
052__094,52,94,13,0.078201581,0.070417377,0.102984057,2.737897648,0.018001305,10,3,0,0.759356181,0.019042969,0.009521484,1,0.019042969,0.171145286,0.171145286,FALSE,FALSE,TRUE,FALSE,FALSE,FALSE,ROI_052,ROI_052,ROI_094,ROI_094,Unknown - Unknown,Unknown - Unknown,,
056__101,56,101,13,0.078183001,0.06963822,0.11947903,2.359349734,0.036093978,10,3,0,0.65436588,0.03515625,0.017578125,1,0.03515625,0.185790567,0.185790567,FALSE,FALSE,TRUE,FALSE,FALSE,FALSE,ROI_056,ROI_056,ROI_101,ROI_101,Unknown - Unknown,Unknown - Unknown,,
045__064,45,64,13,0.078172631,0.088119447,0.09888591,2.850309308,0.014614382,9,4,0,0.790533566,0.014160156,0.007080078,1,0.014160156,0.16304744,0.16304744,FALSE,FALSE,TRUE,FALSE,FALSE,FALSE,ROI_045,ROI_045,ROI_064,ROI_064,Unknown - Unknown,Unknown - Unknown,,
038__101,38,101,13,0.078101808,0.080398333,0.082472312,3.414480153,0.005130611,11,2,0,0.947006405,0.006591797,0.003295898,0.990234375,0.006591797,0.155758667,0.155758667,FALSE,FALSE,TRUE,FALSE,FALSE,FALSE,ROI_038,ROI_038,ROI_101,ROI_101,Unknown - Unknown,Unknown - Unknown,0.035082226,0.120479413
038__060,38,60,13,0.078047264,0.082155505,0.081084043,3.470515333,0.004626561,11,2,0,0.962547768,0.003173828,0.001586914,0.986816406,0.003173828,0.149465388,0.149465388,FALSE,FALSE,TRUE,FALSE,FALSE,FALSE,ROI_038,ROI_038,ROI_060,ROI_060,Unknown - Unknown,Unknown - Unknown,0.037685397,0.123080086
053__101,53,101,13,0.078043166,0.105574441,0.106404453,2.644519382,0.021394484,10,3,0,0.73345771,0.021728516,0.010864258,1,0.021728516,0.171858315,0.171858315,FALSE,FALSE,TRUE,FALSE,FALSE,FALSE,ROI_053,ROI_053,ROI_101,ROI_101,Unknown - Unknown,Unknown - Unknown,,
011__030,11,30,13,0.078004011,0.097915998,0.113949275,2.468181218,0.029591891,9,4,0,0.684550303,0.032226563,0.016113281,1,0.032226563,0.1839574,0.1839574,FALSE,FALSE,TRUE,FALSE,FALSE,FALSE,ROI_011,ROI_011,ROI_030,ROI_030,Unknown - Unknown,Unknown - Unknown,,
008__083,8,83,13,0.077905416,0.103833092,0.089366451,3.143147898,0.008482181,10,3,0,0.871752378,0.011962891,0.005981445,0.999267578,0.011962891,0.159627183,0.159627183,FALSE,FALSE,TRUE,FALSE,FALSE,FALSE,ROI_008,ROI_008,ROI_083,ROI_083,Unknown - Unknown,Unknown - Unknown,,
023__060,23,60,13,0.077892824,0.049920058,0.079220675,3.545117118,0.004032693,12,1,0,0.98323858,0.003173828,0.001586914,0.981445313,0.003173828,0.149465388,0.149465388,FALSE,FALSE,TRUE,FALSE,FALSE,FALSE,ROI_023,ROI_023,ROI_060,ROI_060,Unknown - Unknown,Unknown - Unknown,0.038453717,0.121008379
014__076,14,76,13,0.077879904,0.090388058,0.087393003,3.213071704,0.007449629,10,3,0,0.891145752,0.008789063,0.004394531,0.997802734,0.008789063,0.159627183,0.159627183,FALSE,FALSE,TRUE,FALSE,FALSE,FALSE,ROI_014,ROI_014,ROI_076,ROI_076,Unknown - Unknown,Unknown - Unknown,,
029__064,29,64,13,0.077865723,0.078296332,0.093293666,3.009302428,0.010877023,10,3,0,0.834630324,0.010986328,0.005493164,0.999511719,0.010986328,0.159627183,0.159627183,FALSE,FALSE,TRUE,FALSE,FALSE,FALSE,ROI_029,ROI_029,ROI_064,ROI_064,Unknown - Unknown,Unknown - Unknown,,
039__102,39,102,13,0.077773987,0.084417821,0.101027355,2.77566504,0.016784732,11,2,0,0.769830971,0.018554688,0.009277344,1,0.018554688,0.171145286,0.171145286,FALSE,FALSE,TRUE,FALSE,FALSE,FALSE,ROI_039,ROI_039,ROI_102,ROI_102,Unknown - Unknown,Unknown - Unknown,,
051__058,51,58,13,0.077675888,0.082456388,0.09389039,2.982886712,0.011424303,9,4,0,0.827303922,0.011474609,0.005737305,0.999755859,0.011474609,0.159627183,0.159627183,FALSE,FALSE,TRUE,FALSE,FALSE,FALSE,ROI_051,ROI_051,ROI_058,ROI_058,Unknown - Unknown,Unknown - Unknown,,
017__080,17,80,13,0.077612953,0.065765002,0.092834013,3.014385287,0.010774762,9,4,0,0.836040055,0.012695313,0.006347656,0.999511719,0.012695313,0.162884881,0.162884881,FALSE,FALSE,TRUE,FALSE,FALSE,FALSE,ROI_017,ROI_017,ROI_080,ROI_080,Unknown - Unknown,Unknown - Unknown,,
002__058,2,58,13,0.077575908,0.073721254,0.099924897,2.799141381,0.016069817,10,3,0,0.776342137,0.014160156,0.007080078,1,0.014160156,0.16304744,0.16304744,FALSE,FALSE,TRUE,FALSE,FALSE,FALSE,ROI_002,ROI_002,ROI_058,ROI_058,Unknown - Unknown,Unknown - Unknown,,
008__095,8,95,13,0.077572219,0.106332211,0.104270842,2.682347302,0.019950169,10,3,0,0.743949288,0.024902344,0.012451172,1,0.024902344,0.174995281,0.174995281,FALSE,FALSE,TRUE,FALSE,FALSE,FALSE,ROI_008,ROI_008,ROI_095,ROI_095,Unknown - Unknown,Unknown - Unknown,,
063__080,63,80,13,0.07756673,0.077720989,0.086309017,3.240343023,0.007082131,10,3,0,0.898709455,0.004882813,0.002441406,0.996826172,0.004882813,0.149677998,0.149677998,FALSE,FALSE,TRUE,FALSE,FALSE,FALSE,ROI_063,ROI_063,ROI_080,ROI_080,Unknown - Unknown,Unknown - Unknown,0.035075,0.124781131
061__075,61,75,13,0.077517519,0.087380297,0.090438621,3.090420742,0.009355018,10,3,0,0.857128496,0.010742188,0.005371094,0.999511719,0.010742188,0.159627183,0.159627183,FALSE,FALSE,TRUE,FALSE,FALSE,FALSE,ROI_061,ROI_061,ROI_075,ROI_075,Unknown - Unknown,Unknown - Unknown,,
060__077,60,77,13,0.07751068,0.076943276,0.110968442,2.518452327,0.026985787,9,4,0,0.698493,0.028564453,0.014282227,1,0.028564453,0.179419631,0.179419631,FALSE,FALSE,TRUE,FALSE,FALSE,FALSE,ROI_060,ROI_060,ROI_077,ROI_077,Unknown - Unknown,Unknown - Unknown,,
001__094,1,94,13,0.077442123,0.058236572,0.104166984,2.680518652,0.020017732,9,4,0,0.743442111,0.019042969,0.009521484,1,0.019042969,0.171145286,0.171145286,FALSE,FALSE,TRUE,FALSE,FALSE,FALSE,ROI_001,ROI_001,ROI_094,ROI_094,Unknown - Unknown,Unknown - Unknown,,
020__068,20,68,13,0.077420803,0.070222706,0.092780037,3.008671765,0.010889779,11,2,0,0.834455409,0.010498047,0.005249023,0.999511719,0.010498047,0.159627183,0.159627183,FALSE,FALSE,TRUE,FALSE,FALSE,FALSE,ROI_020,ROI_020,ROI_068,ROI_068,Unknown - Unknown,Unknown - Unknown,,
038__058,38,58,13,0.077410122,0.072578586,0.104691618,2.665983847,0.020562805,9,4,0,0.739410881,0.020996094,0.010498047,1,0.020996094,0.171858315,0.171858315,FALSE,FALSE,TRUE,FALSE,FALSE,FALSE,ROI_038,ROI_038,ROI_058,ROI_058,Unknown - Unknown,Unknown - Unknown,,
086__100,86,100,13,0.077401764,0.098083951,0.125695769,2.220249971,0.046417617,10,3,0,0.615786547,0.047607422,0.023803711,1,0.047607422,0.199395635,0.199395635,FALSE,FALSE,TRUE,FALSE,FALSE,FALSE,ROI_086,ROI_086,ROI_100,ROI_100,Unknown - Unknown,Unknown - Unknown,,
018__071,18,71,13,0.077350906,0.045447431,0.104857328,2.659734551,0.020801616,10,3,0,0.737677639,0.014160156,0.007080078,1,0.014160156,0.16304744,0.16304744,FALSE,FALSE,TRUE,FALSE,FALSE,FALSE,ROI_018,ROI_018,ROI_071,ROI_071,Unknown - Unknown,Unknown - Unknown,,
074__080,74,80,13,0.077343744,0.086057907,0.115252432,2.41961778,0.032340008,8,5,0,0.671081229,0.035400391,0.017700195,1,0.035400391,0.185790567,0.185790567,FALSE,FALSE,TRUE,FALSE,FALSE,FALSE,ROI_074,ROI_074,ROI_080,ROI_080,Unknown - Unknown,Unknown - Unknown,,
042__059,42,59,13,0.077336704,0.088595251,0.090739448,3.072990381,0.009662955,10,3,0,0.852294184,0.007080078,0.003540039,0.999511719,0.007080078,0.157455384,0.157455384,FALSE,FALSE,TRUE,FALSE,FALSE,FALSE,ROI_042,ROI_042,ROI_059,ROI_059,Unknown - Unknown,Unknown - Unknown,0.032152938,0.125989251
011__087,11,87,13,0.077323795,0.113619892,0.098678966,2.825271882,0.01530946,10,3,0,0.783589434,0.018798828,0.009399414,1,0.018798828,0.171145286,0.171145286,FALSE,FALSE,TRUE,FALSE,FALSE,FALSE,ROI_011,ROI_011,ROI_087,ROI_087,Unknown - Unknown,Unknown - Unknown,,
031__075,31,75,13,0.077268431,0.061706367,0.096838212,2.876914842,0.013910058,9,4,0,0.797912614,0.014404297,0.007202148,1,0.014404297,0.16304744,0.16304744,FALSE,FALSE,TRUE,FALSE,FALSE,FALSE,ROI_031,ROI_031,ROI_075,ROI_075,Unknown - Unknown,Unknown - Unknown,,
017__052,17,52,13,0.07725418,0.057906439,0.088166071,3.159309519,0.008231397,11,2,0,0.876234805,0.010009766,0.005004883,0.999267578,0.010009766,0.159627183,0.159627183,FALSE,FALSE,TRUE,FALSE,FALSE,FALSE,ROI_017,ROI_017,ROI_052,ROI_052,Unknown - Unknown,Unknown - Unknown,,
010__041,10,41,13,0.077249237,0.09948484,0.099153173,2.809048639,0.015777229,11,2,0,0.779089916,0.019042969,0.009521484,1,0.019042969,0.171145286,0.171145286,FALSE,FALSE,TRUE,FALSE,FALSE,FALSE,ROI_010,ROI_010,ROI_041,ROI_041,Unknown - Unknown,Unknown - Unknown,,
007__013,7,13,13,0.077230649,0.087473115,0.071893265,3.873228791,0.002214884,11,2,0,1.074240385,0.004394531,0.002197266,0.915771484,0.004394531,0.149465388,0.149465388,FALSE,FALSE,TRUE,FALSE,FALSE,FALSE,ROI_007,ROI_007,ROI_013,ROI_013,Unknown - Unknown,Unknown - Unknown,0.039255623,0.114411974
060__100,60,100,13,0.077229668,0.088431581,0.08692261,3.203487883,0.007583295,10,3,0,0.888487679,0.006103516,0.003051758,0.998046875,0.006103516,0.153155031,0.153155031,FALSE,FALSE,TRUE,FALSE,FALSE,FALSE,ROI_060,ROI_060,ROI_100,ROI_100,Unknown - Unknown,Unknown - Unknown,0.033217763,0.12422655
039__064,39,64,13,0.077203813,0.057893611,0.09681885,2.875083803,0.013957432,11,2,0,0.797404775,0.014648438,0.007324219,1,0.014648438,0.164823986,0.164823986,FALSE,FALSE,TRUE,FALSE,FALSE,FALSE,ROI_039,ROI_039,ROI_064,ROI_064,Unknown - Unknown,Unknown - Unknown,,
057__091,57,91,13,0.077176405,0.062904709,0.088964699,3.127796627,0.008727503,10,3,0,0.867494701,0.005615234,0.002807617,0.999511719,0.005615234,0.153155031,0.153155031,FALSE,FALSE,TRUE,FALSE,FALSE,FALSE,ROI_057,ROI_057,ROI_091,ROI_091,Unknown - Unknown,Unknown - Unknown,0.033668931,0.126156307
013__062,13,62,13,0.077166133,0.073486229,0.097122389,2.864699372,0.014229151,10,3,0,0.794524652,0.014160156,0.007080078,1,0.014160156,0.16304744,0.16304744,FALSE,FALSE,TRUE,FALSE,FALSE,FALSE,ROI_013,ROI_013,ROI_062,ROI_062,Unknown - Unknown,Unknown - Unknown,,
008__091,8,91,13,0.07715355,0.092475481,0.125908986,2.209382261,0.047332904,10,3,0,0.612772387,0.049072266,0.024536133,1,0.049072266,0.200785583,0.200785583,FALSE,FALSE,TRUE,FALSE,FALSE,FALSE,ROI_008,ROI_008,ROI_091,ROI_091,Unknown - Unknown,Unknown - Unknown,,
013__101,13,101,13,0.077151639,0.067180592,0.090730696,3.065932522,0.009790517,10,3,0,0.850336686,0.010986328,0.005493164,0.999511719,0.010986328,0.159627183,0.159627183,FALSE,FALSE,TRUE,FALSE,FALSE,FALSE,ROI_013,ROI_013,ROI_101,ROI_101,Unknown - Unknown,Unknown - Unknown,,
011__041,11,41,13,0.07713995,0.081058727,0.100770539,2.760053156,0.01727746,10,3,0,0.765501014,0.020507813,0.010253906,1,0.020507813,0.171858315,0.171858315,FALSE,FALSE,TRUE,FALSE,FALSE,FALSE,ROI_011,ROI_011,ROI_041,ROI_041,Unknown - Unknown,Unknown - Unknown,,
013__031,13,31,13,0.07713916,0.065378326,0.082197552,3.383667619,0.005431207,10,3,0,0.938460546,0.005126953,0.002563477,0.991210938,0.005126953,0.152224875,0.152224875,FALSE,FALSE,TRUE,FALSE,FALSE,FALSE,ROI_013,ROI_013,ROI_031,ROI_031,Unknown - Unknown,Unknown - Unknown,0.035728884,0.120787272
013__084,13,84,13,0.077127151,0.067334573,0.073245326,3.796636784,0.002545335,12,1,0,1.052997585,0.002197266,0.001098633,0.934082031,0.002197266,0.149465388,0.149465388,FALSE,FALSE,TRUE,FALSE,FALSE,FALSE,ROI_013,ROI_013,ROI_084,ROI_084,Unknown - Unknown,Unknown - Unknown,0.039198718,0.116425684
014__101,14,101,13,0.077123757,0.077073781,0.07672687,3.624201806,0.003487593,11,2,0,1.005172727,0.003173828,0.001586914,0.972900391,0.003173828,0.149465388,0.149465388,FALSE,FALSE,TRUE,FALSE,FALSE,FALSE,ROI_014,ROI_014,ROI_101,ROI_101,Unknown - Unknown,Unknown - Unknown,0.037663054,0.11728675
078__080,78,80,13,0.077075925,0.082836763,0.073670424,3.772222066,0.002661001,10,3,0,1.04622616,0.002685547,0.001342773,0.940917969,0.002685547,0.149465388,0.149465388,FALSE,FALSE,TRUE,FALSE,FALSE,FALSE,ROI_078,ROI_078,ROI_080,ROI_080,Unknown - Unknown,Unknown - Unknown,0.039594325,0.116220149
011__075,11,75,13,0.077040384,0.071091493,0.12752946,2.178108924,0.050063056,10,3,0,0.604098724,0.052978516,0.026489258,1,0.052978516,0.203550923,0.203550923,FALSE,FALSE,TRUE,FALSE,FALSE,FALSE,ROI_011,ROI_011,ROI_075,ROI_075,Unknown - Unknown,Unknown - Unknown,,
009__017,9,17,13,0.077034268,0.088738377,0.099825212,2.782373292,0.0165773,10,3,0,0.771691505,0.016601563,0.008300781,1,0.016601563,0.168421218,0.168421218,FALSE,FALSE,TRUE,FALSE,FALSE,FALSE,ROI_009,ROI_009,ROI_017,ROI_017,Unknown - Unknown,Unknown - Unknown,,
015__063,15,63,13,0.076999651,0.058072411,0.091268372,3.041866361,0.010238304,10,3,0,0.843661934,0.010253906,0.005126953,0.999511719,0.010253906,0.159627183,0.159627183,FALSE,FALSE,TRUE,FALSE,FALSE,FALSE,ROI_015,ROI_015,ROI_063,ROI_063,Unknown - Unknown,Unknown - Unknown,,
055__058,55,58,13,0.076981194,0.060847669,0.128916986,2.153010635,0.052361037,10,3,0,0.597137711,0.052978516,0.026489258,1,0.052978516,0.203550923,0.203550923,FALSE,FALSE,TRUE,FALSE,FALSE,FALSE,ROI_055,ROI_055,ROI_058,ROI_058,Unknown - Unknown,Unknown - Unknown,,
017__064,17,64,13,0.0769566,0.107388583,0.090909591,3.052163869,0.010044245,10,3,0,0.846517949,0.011474609,0.005737305,0.999511719,0.011474609,0.159627183,0.159627183,FALSE,FALSE,TRUE,FALSE,FALSE,FALSE,ROI_017,ROI_017,ROI_064,ROI_064,Unknown - Unknown,Unknown - Unknown,,
013__063,13,63,13,0.076917539,0.056515476,0.068078657,4.073672164,0.001543417,12,1,0,1.129833374,0.001220703,0.000610352,0.838378906,0.001220703,0.149465388,0.149465388,FALSE,FALSE,TRUE,FALSE,FALSE,FALSE,ROI_013,ROI_013,ROI_063,ROI_063,Unknown - Unknown,Unknown - Unknown,0.042989832,0.113962624
012__091,12,91,13,0.076900696,0.087136969,0.07597534,3.649465757,0.003329816,11,2,0,1.012179686,0.003662109,0.001831055,0.967773438,0.003662109,0.149465388,0.149465388,FALSE,FALSE,TRUE,FALSE,FALSE,FALSE,ROI_012,ROI_012,ROI_091,ROI_091,Unknown - Unknown,Unknown - Unknown,0.03734493,0.11704895
081__101,81,101,13,0.07684152,0.072556099,0.11239237,2.465078722,0.029760483,10,3,0,0.683689825,0.025390625,0.012695313,1,0.025390625,0.175383964,0.175383964,FALSE,FALSE,TRUE,FALSE,FALSE,FALSE,ROI_081,ROI_081,ROI_101,ROI_101,Unknown - Unknown,Unknown - Unknown,,
047__060,47,60,13,0.076787334,0.043717203,0.106905494,2.589770279,0.023667922,11,2,0,0.718273041,0.024414063,0.012207031,1,0.024414063,0.174592873,0.174592873,FALSE,FALSE,TRUE,FALSE,FALSE,FALSE,ROI_047,ROI_047,ROI_060,ROI_060,Unknown - Unknown,Unknown - Unknown,,
058__087,58,87,13,0.076749973,0.067172951,0.117583129,2.353449558,0.036483224,9,4,0,0.652729466,0.034912109,0.017456055,1,0.034912109,0.185790567,0.185790567,FALSE,FALSE,TRUE,FALSE,FALSE,FALSE,ROI_058,ROI_058,ROI_087,ROI_087,Unknown - Unknown,Unknown - Unknown,,
052__075,52,75,13,0.076742746,0.085496152,0.098402505,2.811919322,0.01569344,9,4,0,0.7798861,0.021728516,0.010864258,1,0.021728516,0.171858315,0.171858315,FALSE,FALSE,TRUE,FALSE,FALSE,FALSE,ROI_052,ROI_052,ROI_075,ROI_075,Unknown - Unknown,Unknown - Unknown,,
064__094,64,94,13,0.07664159,0.041012752,0.126127448,2.190920261,0.048927094,9,4,0,0.607651949,0.049804688,0.024902344,1,0.049804688,0.202421168,0.202421168,FALSE,FALSE,TRUE,FALSE,FALSE,FALSE,ROI_064,ROI_064,ROI_094,ROI_094,Unknown - Unknown,Unknown - Unknown,,
075__087,75,87,13,0.076599721,0.072824577,0.108946976,2.535033386,0.026176166,11,2,0,0.703091758,0.028564453,0.014282227,1,0.028564453,0.179419631,0.179419631,FALSE,FALSE,TRUE,FALSE,FALSE,FALSE,ROI_075,ROI_075,ROI_087,ROI_087,Unknown - Unknown,Unknown - Unknown,,
